id,meta_group_id
178,1
179,1
180,1
181,1
182,1
183,1
184,1
185,1
186,1
187,1
188,1
189,1
190,1
191,1
192,1
193,1
194,1
195,1
196,1
197,1
198,1
199,1
200,1
201,1
202,1
203,1
204,1
205,1
206,1
207,1
208,1
209,1
210,1
211,1
212,1
213,1
215,1
216,1
217,1
218,1
219,1
220,1
221,1
222,1
223,1
224,1
225,1
226,1
227,1
228,1
229,1
230,1
231,1
232,1
233,1
234,1
235,1
236,1
237,1
238,1
239,1
240,1
241,1
242,1
243,1
244,1
245,1
246,1
247,1
248,1
249,1
250,1
251,1
252,1
253,1
254,1
255,1
256,1
257,1
258,1
259,1
260,1
261,1
262,1
263,1
264,1
266,1
267,1
269,1
377,1
380,2
393,1
394,2
399,1
400,2
405,3
406,2
421,3
434,1
438,2
439,1
440,2
442,1
443,1
444,1
447,1
448,2
450,1
451,1
452,1
453,1
454,1
455,1
456,1
457,1
458,1
459,1
460,1
461,1
462,1
463,1
464,1
482,2
483,1
484,1
485,1
486,1
487,1
488,1
489,1
490,1
491,1
492,1
493,1
494,1
495,1
496,1
497,1
498,1
499,1
501,1
503,1
506,3
508,3
509,3
518,3
519,2
520,1
521,3
522,3
523,1
524,1
526,1
527,2
529,1
530,1
533,1
561,1
562,1
563,1
564,1
565,1
566,1
567,1
568,1
569,1
570,1
571,1
572,1
573,1
574,1
575,1
577,1
578,1
580,1
581,1
582,1
583,1
584,1
585,1
586,1
587,1
589,1
590,1
592,1
593,1
594,1
597,1
598,1
599,1
602,1
603,1
605,1
607,1
608,1
609,1
615,4
617,4
620,1
621,1
622,1
623,1
624,1
625,1
626,1
627,1
628,1
629,1
630,1
631,1
632,1
633,1
634,1
635,1
638,1
639,1
640,1
641,1
642,1
643,1
644,1
645,1
648,1
649,1
650,1
652,1
653,1
655,1
656,1
670,1
671,1
672,1
784,2
962,4
964,4
1013,2
1027,2
1033,2
1071,2
1073,2
1080,2
1095,2
1103,2
1182,1
1183,2
1184,2
1185,1
1190,2
1191,2
1192,3
1193,3
1195,1
1196,1
1197,1
1198,2
1201,1
1202,1
1205,2
1236,2
1237,2
1240,3
1242,3
1244,1
1246,1
1248,2
1249,2
1254,1
1256,2
1257,2
1262,3
1264,1
1266,2
1267,2
1272,3
1274,1
1276,2
1277,2
1282,3
1284,1
1286,2
1287,2
1292,3
1294,1
1296,2
1297,2
1302,3
1304,1
1306,2
1307,2
1315,3
1317,1
1319,2
1320,2
1333,1
1335,2
1336,2
1351,3
1353,1
1355,2
1356,2
1401,3
1403,1
1405,2
1406,2
1419,3
1422,2
1423,2
1436,2
1437,2
1445,1
1446,1
1447,2
1448,2
1537,3
1539,1
1540,1
1541,2
1542,2
1547,1
1549,2
1550,2
1551,1
1553,2
1554,2
1557,1
1559,2
1560,2
1563,1
1565,2
1566,2
1798,3
1800,3
1802,3
1804,3
1808,1
1810,1
1814,1
1816,1
1818,1
1820,1
1822,1
1824,1
1826,1
1828,1
1830,1
1832,1
1855,2
1856,2
1875,1
1877,2
1878,2
1893,3
1944,1
1946,1
1947,1
1948,1
1949,3
1951,3
1952,2
1955,1
1956,1
1957,1
1958,1
1959,1
1960,2
1963,1
1964,2
1968,1
1969,2
1973,1
1977,1
1978,2
1982,1
1983,1
1984,1
1985,1
1986,1
1987,2
1998,1
1999,2
2002,1
2003,1
2004,1
2005,1
2006,1
2018,1
2020,1
2022,1
2024,2
2025,2
2032,2
2033,2
2038,2
2039,2
2046,1
2047,1
2048,2
2049,2
2050,6
2103,1
2104,2
2108,1
2109,2
2117,2
2118,2
2129,1
2130,1
2131,1
2132,1
2133,1
2134,1
2135,1
2136,1
2137,1
2138,1
2139,1
2140,1
2141,1
2142,1
2143,1
2144,1
2145,1
2146,1
2147,1
2148,1
2149,1
2150,1
2151,1
2152,1
2153,1
2154,1
2155,1
2156,1
2157,1
2158,1
2159,1
2160,1
2161,1
2173,1
2175,2
2176,2
2178,4
2180,4
2182,4
2183,1
2185,2
2186,2
2188,4
2193,1
2195,2
2196,2
2203,1
2205,2
2206,2
2254,1
2258,2
2259,2
2260,2
2261,2
2262,2
2281,2
2282,2
2289,1
2291,1
2293,1
2295,1
2297,2
2298,2
2299,2
2300,2
2301,2
2302,2
2303,2
2304,2
2331,1
2333,2
2334,2
2341,2
2342,2
2355,2
2356,2
2363,1
2364,2
2372,1
2404,2
2405,2
2410,2
2411,2
2420,2
2421,2
2436,2
2437,2
2444,1
2446,2
2447,2
2454,1
2456,2
2457,2
2464,1
2466,2
2467,2
2476,1
2478,2
2479,2
2486,1
2488,2
2489,2
2506,1
2508,1
2510,1
2512,1
2514,1
2516,1
2524,1
2525,1
2529,1
2531,2
2532,2
2533,1
2534,1
2537,1
2539,2
2540,2
2545,1
2547,2
2548,2
2549,1
2550,1
2551,1
2553,2
2554,2
2559,2
2563,2
2567,2
2571,2
2574,1
2575,2
2576,1
2577,1
2578,1
2579,1
2580,2
2581,1
2582,1
2583,1
2584,2
2585,1
2586,1
2587,1
2588,2
2591,1
2592,2
2603,1
2605,2
2606,2
2613,2
2614,2
2621,2
2622,2
2629,2
2630,2
2637,2
2638,2
2647,2
2648,2
2655,2
2656,2
2679,2
2680,2
2801,2
2802,2
2811,2
2812,2
2817,2
2818,2
2834,4
2835,4
2836,4
2837,4
2838,4
2863,1
2865,2
2866,2
2873,2
2874,2
2881,2
2889,2
2890,2
2897,2
2898,2
2905,2
2906,2
2913,2
2914,2
2921,2
2922,2
2929,2
2937,2
2938,2
2945,2
2946,2
2948,4
2949,4
2953,2
2954,2
2961,2
2962,2
2969,2
2970,2
2977,2
2978,2
2985,2
2986,2
2993,2
2994,2
2998,1
3001,2
3002,2
3009,2
3010,2
3017,2
3018,2
3025,2
3026,2
3033,2
3034,2
3039,1
3041,2
3042,2
3049,2
3050,2
3057,2
3058,2
3065,2
3066,2
3074,2
3075,2
3082,2
3083,2
3090,2
3091,2
3098,2
3099,2
3106,2
3107,2
3114,2
3115,2
3122,2
3123,2
3130,2
3131,2
3138,2
3139,2
3146,2
3147,2
3154,2
3155,2
3162,2
3163,2
3170,2
3171,2
3178,2
3179,2
3186,2
3187,2
3218,4
3242,1
3244,2
3245,2
3285,2
3286,2
3469,3
3472,2
3473,2
3480,2
3488,2
3489,2
3496,2
3497,2
3504,2
3505,2
3512,2
3513,2
3514,4
3515,4
3516,4
3517,4
3518,4
3519,4
3520,2
3521,2
3528,1
3530,2
3531,2
3532,4
3534,4
3535,4
3536,4
3537,4
3538,1
3540,2
3541,2
3542,4
3543,4
3544,4
3545,4
3546,4
3547,4
3550,4
3552,1
3554,1
3556,1
3557,4
3558,2
3559,4
3560,4
3561,4
3562,4
3563,4
3564,4
3565,4
3566,1
3568,2
3569,2
3570,4
3571,4
3572,4
3573,4
3574,4
3575,4
3576,1
3578,2
3579,2
3580,4
3581,3
3582,3
3586,1
3588,2
3589,2
3596,1
3598,2
3599,2
3606,1
3608,2
3609,2
3616,1
3618,2
3619,2
3651,1
3653,1
3655,2
3656,2
3663,1
3665,2
3666,2
3764,1
3766,1
3829,1
3831,2
3832,2
3839,1
3841,2
3842,2
3849,1
3851,2
3887,1
3888,2
3897,1
3899,2
3901,1
3903,2
3907,1
3909,2
3913,1
3915,2
3937,1
3939,2
3940,2
3941,1
3943,2
3944,2
3947,1
3949,2
3950,2
3953,1
3955,2
3956,2
3977,1
3979,2
3980,2
3981,1
3983,2
3984,2
3986,2
3987,1
3989,2
3990,2
3991,2
3993,1
3995,2
3996,2
4005,4
4006,4
4013,1
4014,2
4025,1
4027,1
4147,2
4148,2
4248,2
4249,2
4250,2
4251,2
4252,2
4253,2
4254,2
4255,2
4256,2
4257,2
4258,2
4259,2
4260,2
4261,2
4262,2
4263,2
4264,2
4265,2
4266,2
4267,2
4268,2
4269,2
4270,2
4271,2
4272,2
4273,2
4274,2
4275,2
4276,2
4277,2
4278,2
4279,2
4280,2
4281,2
4282,2
4283,2
4284,2
4285,2
4286,2
4287,2
4288,2
4289,2
4290,2
4291,2
4292,2
4293,2
4294,2
4295,2
4296,2
4298,2
4299,2
4300,2
4345,6
4346,6
4347,6
4348,6
4349,6
4363,4
4364,4
4371,2
4372,2
4373,1
4388,4
4389,4
4393,1
4395,1
4397,1
4399,2
4400,2
4401,2
4402,2
4403,1
4405,2
4406,2
4410,1
4435,1
4471,1
4477,1
4529,1
4531,1
4533,1
4535,1
4569,1
4571,1
4573,1
4575,1
4609,1
4611,1
4613,1
4615,1
4787,1
4829,1
4831,1
4833,1
4835,1
4871,1
4909,1
4911,1
4913,1
4915,1
4955,1
4957,1
4959,3
4961,1
5007,1
5009,1
5011,1
5013,1
5017,2
5047,1
5049,1
5051,1
5053,1
5087,1
5089,1
5091,1
5093,1
5137,1
5141,1
5175,1
5177,1
5179,1
5181,1
5215,1
5217,1
5219,1
5221,1
5233,3
5239,1
5245,1
5279,1
5281,1
5282,1
5299,1
5301,1
5302,1
5319,1
5320,1
5321,1
5322,1
5339,1
5340,1
5342,1
5361,1
5363,1
5365,1
5399,1
5403,1
5405,1
5439,1
5443,1
5445,1
5493,1
5533,1
5599,1
5631,1
5647,1
5649,1
5683,1
5693,1
5697,1
5719,1
5721,1
5723,1
5743,1
5745,1
5747,1
5755,1
5757,1
5759,1
5839,1
5845,1
5849,1
5865,1
5867,1
5869,1
5871,1
5933,1
5945,1
5955,1
5971,1
5973,1
5975,1
6001,1
6003,1
6005,1
6041,1
6043,1
6045,1
6047,1
6073,1
6131,1
6135,1
6159,1
6160,1
6173,1
6176,1
6193,1
6194,1
6195,1
6199,1
6202,1
6203,1
6207,1
6212,1
6216,1
6217,1
6218,1
6222,1
6225,1
6226,1
6230,1
6234,1
6238,1
6239,1
6241,1
6242,1
6243,1
6244,1
6251,1
6252,1
6257,1
6258,1
6259,1
6260,1
6267,1
6268,1
6275,1
6276,1
6283,1
6284,1
6285,1
6286,1
6289,1
6290,1
6291,1
6292,1
6296,1
6325,1
6437,1
6439,1
6441,1
6443,1
6485,1
6527,1
6569,1
6631,1
6633,1
6635,1
6637,1
6671,1
6673,1
6675,1
6677,1
6715,1
6717,1
6719,1
6721,1
6757,1
6759,1
6761,1
6763,1
6805,1
6807,1
6809,1
6811,1
6859,1
6861,1
6863,1
6865,1
6919,1
6921,1
6923,1
6925,1
6959,1
6961,1
6963,1
6965,1
6999,1
7001,1
7003,1
7005,1
7043,1
7045,1
7047,1
7049,1
7083,1
7085,1
7087,1
7089,1
7123,1
7125,1
7127,1
7131,1
7167,1
7169,1
7171,1
7173,1
7217,1
7218,1
7219,1
7220,1
7247,1
7249,1
7251,1
7253,1
7287,1
7289,1
7291,1
7293,1
7327,1
7329,1
7331,1
7333,1
7367,1
7369,1
7371,1
7373,1
7407,1
7409,1
7411,1
7413,1
7447,1
7449,1
7451,1
7453,1
7487,1
7489,1
7491,1
7493,1
7535,1
7537,1
7539,1
7541,1
7579,1
7581,1
7583,1
7585,1
7619,1
7621,1
7623,1
7625,1
7663,1
7665,1
7667,1
7669,1
7703,1
7705,1
7707,1
7709,1
7743,1
7745,1
7747,1
7749,1
7783,1
7785,1
7787,1
7789,1
7827,1
7829,1
7831,1
7833,1
7867,1
7869,1
7870,1
7887,1
7889,1
7892,1
7893,1
7895,1
7896,1
7914,1
7917,1
7918,1
7922,1
7926,1
7937,1
7948,1
7964,1
7965,1
7966,1
7970,1
7997,1
8001,1
8007,1
8023,1
8025,1
8027,1
8089,1
8091,1
8101,1
8103,1
8105,1
8113,1
8115,1
8117,1
8133,1
8135,1
8175,1
8177,1
8225,1
8263,1
8295,1
8297,1
8335,1
8337,1
8387,1
8419,1
8427,1
8433,1
8437,1
8465,1
8505,1
8517,1
8521,1
8529,1
8531,1
8535,1
8537,1
8579,1
8583,1
8585,1
8635,1
8639,1
8641,1
8748,1
8759,1
8785,1
8787,1
8789,1
8815,1
8817,1
8819,1
8821,1
8863,1
8865,1
8867,1
8869,1
8903,1
8905,1
8907,1
8909,1
9071,1
9073,1
9091,1
9093,1
9127,1
9129,1
9131,1
9133,1
9135,1
9137,1
9139,1
9141,1
9207,1
9209,1
9211,1
9213,1
9247,1
9249,1
9251,1
9253,1
9287,1
9289,1
9291,1
9293,1
9327,1
9329,1
9331,1
9333,1
9367,1
9369,1
9371,1
9377,1
9411,1
9413,1
9415,1
9417,1
9419,2
9421,2
9451,1
9453,1
9455,1
9457,1
9491,1
9493,1
9495,1
9497,1
9521,1
9556,1
9562,1
9566,1
9568,1
9570,1
9574,1
9580,1
9582,1
9608,1
9622,1
9632,1
9646,1
9660,1
9668,1
9670,1
9678,1
9680,1
9702,1
9706,1
9728,1
9734,1
9744,1
9750,1
9762,1
9772,1
9784,1
9790,1
9800,1
9808,1
9899,1
9941,1
9942,1
9943,1
9944,1
9956,1
10013,1
10014,1
10015,1
10016,1
10019,1
10188,3
10190,2
10191,2
10208,1
10209,1
10210,1
10211,1
10212,1
10213,1
10214,1
10215,1
10216,1
10217,1
10218,1
10219,1
10221,1
10222,1
10223,1
10224,1
10225,1
10226,1
10227,1
10246,1
10247,1
10250,2
10251,2
10629,1
10631,2
10632,2
10678,1
10680,2
10681,2
10688,1
10690,1
10692,1
10694,1
10836,1
10838,1
10840,1
10842,2
10843,2
10850,2
10851,2
10858,2
10859,2
10866,1
10868,1
10870,1
10872,1
10874,1
10876,1
10878,1
10880,1
10882,1
10884,1
10886,1
10888,1
10998,1
11011,4
11012,4
11017,1
11021,1
11022,1
11023,1
11024,1
11052,1
11074,2
11105,1
11172,2
11173,2
11174,2
11175,2
11176,2
11177,2
11178,2
11179,2
11182,2
11183,2
11184,2
11185,2
11186,2
11187,2
11188,2
11189,2
11190,2
11191,2
11192,2
11193,2
11194,2
11195,2
11196,2
11197,2
11198,2
11199,2
11200,2
11201,2
11202,2
11203,2
11215,3
11217,1
11219,2
11220,2
11225,3
11227,1
11229,2
11230,2
11235,3
11237,1
11239,2
11240,2
11245,3
11247,1
11249,2
11250,2
11255,3
11257,1
11259,2
11260,2
11265,3
11267,1
11269,2
11270,2
11277,1
11279,1
11283,1
11285,1
11287,1
11289,1
11291,1
11293,1
11295,1
11297,1
11299,1
11301,1
11303,1
11305,1
11309,1
11311,1
11317,1
11319,1
11325,1
11327,1
11331,1
11333,1
11335,1
11337,1
11341,1
11343,1
11349,1
11351,1
11355,1
11357,1
11359,1
11365,2
11366,2
11370,1
11371,2
11372,2
11373,2
11374,2
11375,2
11376,2
11377,2
11378,2
11379,2
11380,2
11381,2
11382,2
11383,2
11384,2
11387,2
11388,2
11389,2
11390,2
11393,2
11394,2
11400,2
11401,2
11561,1
11563,1
11567,1
11577,2
11578,2
11640,2
11641,2
11642,2
11643,2
11644,2
11645,2
11646,2
11647,2
11648,2
11649,2
11747,2
11750,2
11754,2
11758,2
11762,2
11766,2
11771,2
11775,2
11779,2
11783,2
11787,2
11791,2
11795,2
11799,2
11804,2
11808,2
11812,2
11821,2
11825,2
11829,2
11833,2
11837,2
11840,2
11844,2
11848,2
11851,2
11936,4
11937,4
11938,4
11939,4
11940,4
11942,4
11957,2
11958,2
11959,2
11960,2
11961,2
11962,2
11963,2
11964,2
11965,2
11966,2
11969,2
11970,2
11971,2
11972,2
11978,2
11979,2
11985,2
11986,2
11987,2
11988,2
11989,2
11990,2
11993,2
11994,2
11995,2
11996,2
11999,2
12000,2
12003,2
12004,2
12005,2
12006,2
12011,2
12012,2
12013,2
12014,2
12015,2
12016,2
12017,2
12018,2
12019,2
12020,2
12021,2
12022,2
12023,2
12024,2
12031,2
12032,2
12034,2
12035,2
12036,2
12037,2
12038,2
12041,2
12042,2
12043,2
12044,2
12045,2
12052,1
12054,1
12056,1
12058,2
12059,2
12066,1
12068,2
12069,2
12076,2
12077,2
12084,2
12085,2
12102,2
12103,2
12104,2
12105,2
12108,1
12198,1
12199,1
12200,1
12217,1
12219,1
12221,2
12222,2
12223,2
12224,2
12225,1
12235,1
12236,1
12257,1
12259,2
12260,2
12261,1
12263,2
12264,2
12265,1
12267,2
12268,2
12269,1
12271,2
12272,2
12274,1
12344,1
12346,2
12347,2
12354,1
12356,2
12357,2
12552,2
12553,2
12557,2
12558,2
12559,2
12560,2
12561,2
12562,2
12563,2
12564,2
12565,2
12566,2
12608,2
12609,2
12610,2
12611,2
12612,2
12613,2
12614,2
12615,2
12616,2
12617,2
12618,2
12619,2
12620,2
12621,2
12625,2
12626,2
12627,2
12628,2
12629,2
12630,2
12631,2
12632,2
12633,2
12634,2
12709,1
12729,2
12730,2
12731,2
12732,2
12733,2
12734,2
12735,2
12736,2
12743,2
12744,2
12745,2
12746,2
12747,2
12748,2
12753,2
12754,2
12761,2
12762,2
12763,2
12764,2
12765,2
12766,2
12767,2
12768,2
12769,2
12770,2
12771,2
12772,2
12773,2
12774,2
12775,2
12776,2
12777,2
12778,2
12779,2
12780,2
12781,2
12782,2
12783,2
12784,2
12785,2
12786,2
12787,2
12788,2
12789,2
12790,2
12791,2
12792,2
12793,2
12794,2
12795,2
12796,2
12797,2
12798,2
12799,2
12800,2
12801,2
12802,2
12803,2
12804,2
12805,2
12806,2
12807,2
12808,2
12810,2
12811,2
12812,2
12813,2
12814,2
12815,2
12816,2
12817,2
12818,2
12819,2
12820,2
12821,2
12822,2
12823,2
12824,2
12825,2
12826,2
12827,2
12828,2
12829,2
12830,2
12831,2
12832,2
12833,2
13001,2
13002,2
13003,2
13004,2
13032,1
13033,1
13035,1
13036,1
13119,2
13202,4
13203,4
13209,2
13283,1
13284,1
13285,1
13286,1
13287,1
13320,1
13515,1
13516,1
13517,1
13518,1
13519,1
13521,1
13522,1
13525,1
13527,1
13528,1
13773,4
13774,4
13775,4
13776,4
13777,4
13778,4
13779,4
13781,4
13782,4
13783,4
13784,4
13785,4
13786,4
13787,4
13788,4
13791,4
13793,4
13795,4
13797,4
13799,4
13801,4
13803,4
13805,4
13807,4
13809,4
13811,4
13813,4
13815,4
13817,4
13819,4
13820,4
13821,4
13822,4
13823,4
13824,4
13825,4
13826,4
13827,4
13828,4
13829,4
13830,4
13831,4
13832,4
13833,4
13834,4
13856,2
13864,4
13865,4
13866,4
13867,4
13868,4
13870,4
13872,4
13873,4
13874,4
13876,4
13878,4
13879,4
13880,4
13881,4
13882,4
13883,4
13884,4
13885,4
13886,4
13887,4
13888,4
13889,4
13890,4
13891,4
13892,4
13893,4
13894,4
13919,4
13920,4
13921,4
13922,4
13923,4
13924,4
13925,4
13926,4
13927,4
13929,4
13931,4
13933,4
13935,4
13937,4
13939,4
13941,4
13943,4
13945,4
13947,4
13948,4
13949,4
13950,4
13951,4
13952,4
13953,4
13954,4
13955,4
13956,4
13957,4
13958,4
13959,4
13960,4
13962,4
13963,4
13964,4
13965,4
13966,4
13967,4
13968,4
13969,4
13970,4
13972,4
13974,4
13976,4
13978,4
13980,4
13982,4
13984,4
13986,4
13988,4
13990,4
13992,4
13994,4
13995,4
13996,4
13997,4
13998,4
13999,4
14001,4
14003,4
14005,4
14007,4
14009,4
14011,4
14013,4
14015,4
14017,4
14019,4
14021,4
14023,4
14025,4
14027,4
14029,4
14031,4
14033,4
14035,4
14037,4
14039,4
14041,4
14043,4
14045,4
14047,4
14049,4
14051,4
14053,4
14055,4
14057,4
14059,4
14061,4
14063,4
14065,4
14067,4
14068,4
14069,4
14070,4
14072,4
14074,4
14076,4
14078,4
14080,4
14082,4
14084,4
14086,4
14088,4
14090,4
14092,4
14094,4
14096,4
14098,4
14100,4
14102,4
14104,4
14106,4
14108,4
14110,4
14112,4
14114,4
14116,4
14118,4
14120,4
14122,4
14124,4
14126,4
14127,4
14128,4
14130,4
14132,4
14134,4
14136,4
14138,4
14140,4
14142,4
14144,4
14146,4
14148,4
14150,4
14152,4
14154,4
14156,4
14158,4
14160,4
14162,4
14164,4
14166,4
14168,4
14170,4
14172,4
14174,4
14176,4
14178,4
14180,4
14182,4
14184,4
14186,4
14188,4
14190,4
14192,4
14194,4
14196,4
14198,4
14200,4
14202,4
14204,4
14206,4
14208,4
14210,4
14212,4
14214,4
14218,4
14220,4
14222,4
14224,4
14226,4
14228,4
14230,4
14232,4
14234,4
14236,4
14238,4
14240,4
14242,4
14244,4
14246,4
14248,4
14250,4
14252,4
14254,4
14256,4
14258,4
14260,4
14262,4
14264,4
14266,4
14268,4
14270,4
14272,1
14274,1
14276,1
14278,1
14280,1
14282,1
14284,1
14286,1
14295,1
14296,1
14297,1
14298,1
14299,1
14375,5
14377,5
14379,5
14381,5
14383,5
14385,5
14387,5
14389,5
14391,5
14393,5
14395,5
14397,5
14399,5
14401,5
14403,5
14405,5
14407,5
14409,5
14411,5
14413,5
14415,5
14417,5
14419,5
14421,5
14423,5
14425,5
14427,5
14429,5
14431,5
14433,5
14435,5
14437,5
14439,5
14441,5
14443,5
14445,5
14447,5
14449,5
14451,5
14453,5
14455,5
14457,5
14459,5
14461,5
14463,5
14465,5
14467,5
14469,5
14471,5
14473,5
14475,5
14484,5
14486,5
14488,5
14490,5
14492,5
14494,5
14496,5
14498,5
14500,5
14502,5
14504,5
14506,5
14508,5
14510,5
14512,5
14514,5
14516,5
14518,5
14520,5
14522,5
14524,5
14525,5
14526,5
14527,5
14528,5
14530,5
14532,5
14534,5
14536,5
14538,5
14540,5
14542,5
14544,5
14546,5
14548,5
14550,5
14552,5
14554,5
14556,5
14560,5
14564,5
14568,5
14572,5
14576,5
14580,5
14584,5
14588,5
14592,5
14597,5
14599,5
14601,5
14603,5
14606,5
14610,5
14614,5
14618,5
14622,5
14626,5
14630,5
14634,5
14636,5
14638,5
14640,5
14642,5
14644,5
14646,5
14648,5
14650,5
14652,5
14654,5
14656,5
14658,5
14660,5
14662,5
14664,5
14666,5
14668,5
14670,5
14672,5
14674,5
14676,5
14678,5
14680,5
14681,5
14682,5
14683,5
14684,5
14686,5
14688,5
14690,5
14692,5
14694,5
14696,5
14698,5
14700,5
14701,5
14702,5
14703,5
14704,5
14705,5
14706,5
14707,5
14708,5
14710,5
14712,5
14714,5
14716,5
14718,5
14720,5
14722,5
14724,5
14726,5
14728,5
14730,5
14732,5
14734,5
14736,5
14738,5
14740,5
14742,5
14744,5
14746,5
14748,5
14749,5
14750,5
14751,5
14752,5
14753,5
14754,5
14755,5
14756,5
14757,5
14758,5
14759,5
14760,5
14761,5
14762,5
14763,5
14764,5
14765,5
14766,5
14767,5
14768,5
14770,5
14772,5
14774,5
14776,5
14778,5
14780,5
14782,5
14784,5
14786,5
14788,5
14790,5
14792,5
14794,5
14796,5
14798,5
14800,5
14802,5
14804,5
14806,5
14808,5
14810,5
14812,5
14814,5
14816,5
14818,5
14820,5
14822,5
14824,5
14826,5
14828,5
14830,5
14832,5
14834,5
14836,5
14838,5
14840,5
14842,5
14844,5
14846,5
14848,5
14849,5
14850,5
14851,5
14852,5
14853,5
14854,5
14855,5
14856,5
14858,5
14860,5
14862,5
14864,5
14866,5
14868,5
14870,5
14872,5
14874,5
14876,5
14878,5
14880,5
14882,5
14884,5
14886,5
14888,5
14890,5
14892,5
14894,5
14896,5
14898,5
14900,5
14902,5
14904,5
14906,5
14908,5
14910,5
14912,5
14914,5
14916,5
14918,5
14920,5
14922,5
14924,5
14926,5
14928,5
14930,5
14932,5
14934,5
14936,5
14938,5
14940,5
14942,5
14944,5
14946,5
14948,5
14950,5
14952,5
14954,5
14956,5
14958,5
14960,5
14962,5
14964,5
14966,5
14968,5
14970,5
14972,5
14974,5
14976,5
14978,5
14980,5
14982,5
14984,5
14986,5
14988,5
14990,5
14992,5
14994,5
14996,5
14998,5
15000,5
15002,5
15004,5
15006,5
15008,5
15010,5
15012,5
15014,5
15016,5
15018,5
15020,5
15022,5
15024,5
15026,5
15028,5
15030,5
15032,5
15034,5
15036,5
15038,5
15040,5
15042,5
15044,5
15046,5
15048,5
15050,5
15052,5
15054,5
15056,5
15058,5
15060,5
15062,5
15064,5
15066,5
15068,5
15070,5
15072,5
15074,5
15076,5
15078,5
15080,5
15082,5
15084,5
15086,5
15088,5
15090,5
15092,5
15094,5
15096,5
15098,5
15100,5
15102,5
15104,5
15106,5
15108,5
15110,5
15112,5
15114,5
15116,5
15118,5
15120,5
15122,5
15124,5
15126,5
15128,5
15130,5
15132,5
15134,5
15136,5
15138,5
15140,5
15142,5
15144,5
15146,5
15148,5
15150,5
15152,5
15154,5
15156,5
15158,5
15160,5
15161,5
15162,5
15163,5
15164,5
15166,5
15168,5
15170,5
15172,5
15174,5
15176,5
15178,5
15180,5
15182,5
15184,5
15186,5
15188,5
15190,5
15192,5
15194,5
15196,5
15198,5
15200,5
15202,5
15204,5
15206,5
15208,5
15210,5
15212,5
15214,5
15216,5
15218,5
15220,5
15222,5
15224,5
15226,5
15228,5
15230,5
15232,5
15234,5
15236,5
15238,5
15240,5
15242,5
15244,5
15246,5
15248,5
15250,5
15252,5
15254,5
15256,5
15258,5
15260,5
15262,5
15264,5
15266,5
15268,5
15270,5
15272,5
15274,5
15276,5
15278,5
15280,5
15282,5
15284,5
15286,5
15288,5
15290,5
15292,5
15294,5
15296,5
15298,5
15300,5
15302,5
15304,5
15306,5
15308,5
15310,5
15312,5
15314,5
15397,3
15399,3
15401,3
15403,3
15416,3
15423,3
15425,3
15427,3
15429,3
15435,3
15437,5
15447,5
15451,5
15453,5
15455,5
15508,1
15510,1
15675,4
15676,4
15677,4
15678,4
15681,4
15682,4
15683,4
15684,4
15685,4
15686,4
15687,4
15688,4
15689,4
15690,4
15691,4
15692,4
15693,4
15694,4
15695,4
15696,4
15697,4
15698,4
15699,4
15700,4
15701,4
15702,4
15703,4
15704,4
15705,4
15706,4
15707,4
15708,4
15709,4
15710,4
15711,4
15712,4
15713,4
15714,4
15715,4
15716,4
15717,4
15718,4
15719,4
15720,4
15721,4
15722,4
15723,4
15724,4
15725,4
15726,4
15727,4
15728,4
15729,4
15730,4
15731,4
15732,4
15733,4
15734,4
15735,4
15736,4
15737,4
15738,4
15739,4
15740,4
15741,4
15742,4
15743,4
15744,4
15745,4
15746,4
15747,4
15748,4
15749,4
15750,4
15751,4
15752,4
15753,4
15754,4
15755,4
15756,4
15757,4
15758,4
15759,4
15760,4
15761,4
15762,4
15764,4
15765,4
15766,4
15767,4
15768,4
15769,4
15770,4
15771,4
15772,4
15773,4
15774,4
15776,4
15777,4
15778,4
15779,4
15780,4
15781,4
15782,4
15783,4
15784,4
15785,4
15786,4
15787,4
15788,4
15789,4
15790,4
15791,4
15792,4
15793,4
15794,4
15795,4
15796,4
15797,4
15798,4
15799,4
15800,4
15801,4
15802,4
15803,4
15804,4
15805,4
15806,4
15807,4
15808,4
15809,4
15810,4
15811,4
15812,4
15813,4
15814,4
15815,4
15816,4
15817,4
15818,4
15819,4
15820,4
15821,4
15822,4
15823,4
15824,4
15825,4
15826,4
15827,4
15828,4
15829,4
15830,4
15831,4
15832,4
15833,4
15834,4
15835,4
15836,4
15837,4
15838,4
15839,4
15840,4
15841,4
15842,4
15843,4
15844,4
15845,4
15846,4
15847,4
15848,4
15849,4
15850,4
15851,4
15852,4
15853,4
15854,4
15855,4
15856,4
15857,4
15858,4
15859,4
15860,4
15861,4
15862,4
15863,4
15864,4
15865,4
15866,4
15867,4
15868,4
15869,4
15870,4
15871,4
15872,4
15873,4
15874,4
15875,4
15876,4
15877,4
15878,4
15879,4
15880,4
15881,4
15882,4
15883,4
15884,4
15885,4
15886,4
15887,4
15888,4
15889,4
15890,4
15891,4
15892,4
15893,4
15894,4
15895,4
15896,4
15897,4
15898,4
15899,4
15900,4
15901,4
15902,4
15903,4
15904,4
15905,4
15906,4
15907,4
15908,4
15909,4
15910,4
15911,4
15912,4
15913,4
15914,4
15915,4
15916,4
15917,4
15918,4
15919,4
15920,4
15921,4
15922,4
15923,4
15924,4
15925,4
15926,4
15927,4
15928,4
15929,4
15930,4
15931,4
15932,4
15933,4
15935,4
15936,4
15937,4
15938,4
15939,4
15940,4
15941,4
15942,4
15943,4
15945,4
15946,4
15947,4
15948,4
15949,4
15950,4
15951,4
15953,4
15954,4
15955,4
15956,4
15957,4
15958,4
15959,4
15960,4
15961,4
15962,4
15963,4
15964,4
15965,4
15966,4
15967,4
15968,4
16029,2
16032,2
16046,4
16047,4
16048,4
16049,4
16050,4
16051,4
16052,4
16053,4
16054,4
16055,4
16056,4
16057,4
16058,4
16059,4
16060,4
16061,4
16062,4
16063,4
16064,4
16065,4
16066,4
16067,4
16068,4
16126,4
16213,1
16214,1
16227,1
16229,1
16231,1
16233,1
16236,1
16238,1
16240,1
16242,1
16278,1
16297,1
16299,1
16301,1
16303,1
16305,1
16307,1
16309,1
16311,1
16313,1
16315,1
16317,1
16319,1
16321,1
16323,1
16325,1
16327,1
16329,1
16331,1
16333,1
16335,1
16337,1
16339,1
16341,1
16343,1
16345,1
16347,1
16349,1
16351,1
16353,1
16355,1
16357,1
16359,1
16361,1
16363,1
16365,1
16367,1
16369,1
16371,1
16373,1
16375,1
16377,1
16379,1
16381,1
16383,1
16385,1
16387,1
16389,1
16391,1
16393,1
16395,1
16397,1
16399,1
16401,1
16403,1
16405,1
16407,1
16409,1
16411,1
16413,1
16415,1
16417,1
16419,1
16421,1
16423,1
16425,1
16427,1
16429,1
16431,1
16433,1
16435,1
16439,1
16441,1
16443,1
16447,1
16449,1
16451,1
16455,1
16457,1
16467,1
16469,1
16475,1
16477,1
16481,1
16483,1
16485,1
16487,1
16489,1
16491,1
16493,1
16495,1
16497,1
16499,1
16505,1
16507,1
16513,1
16515,1
16517,1
16519,1
16521,1
16523,1
16525,1
16527,1
16529,1
16531,1
16533,1
16535,1
16537,1
16599,5
16601,5
16603,5
16605,5
16631,1
16688,1
16689,1
16690,1
16691,1
16692,1
16694,1
16696,1
16697,1
17167,1
17168,1
17174,1
17175,1
17176,1
17177,1
17178,1
17180,1
17181,1
17182,1
17402,1
17403,1
17404,1
17406,1
17407,1
17408,1
17476,1
17478,1
17480,1
17482,1
17484,4
17485,4
17486,4
17487,4
17488,4
17489,4
17490,4
17491,4
17492,4
17493,4
17494,4
17495,4
17496,4
17497,4
17498,4
17499,4
17500,4
17501,4
17502,4
17503,4
17504,4
17505,4
17506,4
17507,4
17508,4
17509,4
17510,4
17511,4
17512,4
17513,4
17514,4
17515,4
17516,4
17517,4
17518,4
17519,4
17520,4
17521,4
17522,4
17523,4
17524,4
17525,4
17526,4
17527,4
17528,4
17529,4
17536,4
17537,4
17538,4
17539,4
17540,4
17541,4
17542,4
17543,4
17544,4
17545,4
17546,4
17547,4
17548,4
17549,4
17550,4
17551,4
17552,4
17553,4
17554,4
17555,4
17556,4
17557,4
17558,4
17559,4
17561,4
17619,4
17620,4
17634,4
17635,4
17636,4
17637,4
17648,1
17650,1
17652,1
17654,1
17656,1
17658,1
17660,1
17662,1
17664,1
17666,1
17668,1
17670,1
17672,1
17674,1
17676,1
17678,1
17680,1
17682,1
17684,1
17686,1
17688,1
17690,1
17692,1
17694,1
17703,4
17704,4
17709,4
17710,4
17713,4
17714,4
17715,4
17716,4
17718,4
17719,4
17720,4
17721,4
17722,4
17723,4
17726,4
17727,4
17728,4
17729,4
17732,4
17733,4
17736,4
17737,4
17738,4
17739,4
17740,4
17741,4
17770,1
17771,1
17772,1
17773,1
17812,4
17813,4
17832,4
17833,4
17834,4
17835,4
17836,4
17837,4
17838,4
17839,4
17841,4
17842,4
17843,4
17844,4
17857,1
17859,1
17861,1
17863,1
17902,2
17912,2
17913,2
17918,4
17919,4
17920,4
17921,4
17922,4
17923,4
17924,4
17925,4
17926,4
17927,4
17928,4
17929,4
17930,4
17931,4
17932,4
17933,4
17938,1
18036,1
18037,1
18038,1
18039,1
18040,1
18041,1
18042,1
18043,1
18044,1
18045,1
18046,1
18047,1
18048,1
18049,1
18050,1
18051,1
18052,1
18053,1
18054,1
18055,1
18056,1
18057,1
18058,1
18059,1
18060,1
18061,1
18062,1
18063,1
18064,1
18065,1
18066,1
18067,1
18068,2
18069,2
18588,1
18590,2
18591,2
18592,2
18593,2
18594,2
18595,2
18596,2
18597,2
18598,2
18599,2
18600,2
18601,2
18602,2
18603,2
18604,2
18605,2
18606,2
18607,2
18608,2
18609,2
18610,2
18611,2
18612,2
18613,2
18614,2
18615,2
18616,2
18617,2
18618,2
18619,2
18624,2
18625,2
18626,1
18635,1
18637,1
18639,1
18658,6
18660,6
18662,6
18664,6
18666,6
18668,6
18670,6
18672,6
18674,6
18676,6
18680,6
18682,6
18684,6
18686,6
18688,6
18690,6
18692,6
18694,6
18696,6
18698,6
18700,6
18702,6
18704,6
18706,6
18708,6
18710,6
18712,6
18714,6
18716,6
18718,6
18720,6
18722,6
18724,6
18726,6
18728,6
18730,6
18740,6
18742,6
18744,6
18746,6
18748,6
18750,6
18752,6
18754,6
18756,6
18758,6
18760,6
18762,6
18764,6
18766,6
18768,6
18770,6
18772,6
18775,6
18777,6
18779,6
18781,6
18783,6
18785,6
18787,6
18789,6
18791,6
18793,6
18795,6
18797,6
18799,6
18801,6
18803,6
18805,6
18807,6
18809,6
18811,6
18813,6
18815,6
18817,6
18819,6
18821,6
18823,6
18825,6
18827,6
18829,6
18831,6
18833,6
18835,6
18837,6
18839,6
18841,6
18843,6
18845,6
18847,6
18849,6
18851,6
18853,6
18855,6
18857,6
18859,6
18861,6
18863,6
18865,6
18867,6
18869,6
18871,6
18873,6
18875,6
18877,6
18879,6
18881,6
18883,6
18885,6
18887,6
18889,6
18891,6
18893,6
18895,6
18897,6
18899,6
18901,6
18903,6
18905,6
18907,6
18909,6
18911,6
18913,6
18915,6
18917,6
18919,6
18921,6
18923,6
18925,6
18927,6
18929,6
18931,6
18933,6
18935,6
18937,6
18939,6
18941,6
18943,6
18945,6
18947,6
18949,6
18951,6
18953,6
18955,6
18957,6
18959,6
18961,6
18963,6
18965,6
18967,6
18969,6
18971,6
18973,6
18975,6
18977,6
18979,6
18981,6
18983,6
18985,6
18987,6
18989,6
18991,6
18999,6
19001,6
19003,6
19005,6
19007,6
19009,6
19011,6
19013,6
19015,6
19017,6
19019,6
19021,6
19023,6
19025,6
19027,6
19029,6
19031,6
19033,6
19035,6
19036,6
19037,6
19038,6
19039,6
19040,6
19041,6
19042,6
19043,6
19044,6
19045,6
19046,6
19047,6
19049,6
19051,6
19053,6
19055,6
19057,6
19065,6
19067,6
19069,6
19071,6
19073,6
19075,6
19077,6
19079,6
19081,6
19083,6
19085,6
19087,6
19101,6
19103,6
19105,6
19107,6
19109,6
19111,6
19113,6
19115,6
19117,6
19119,6
19129,6
19131,6
19133,6
19135,6
19137,6
19139,6
19141,6
19143,6
19145,6
19147,6
19149,6
19151,6
19169,6
19171,6
19173,6
19175,6
19177,6
19179,6
19181,6
19183,6
19185,6
19187,6
19189,6
19191,6
19193,6
19194,6
19195,6
19196,6
19197,6
19198,6
19199,6
19200,6
19201,6
19202,6
19203,6
19204,6
19205,6
19206,6
19207,6
19208,6
19209,6
19211,6
19213,6
19215,6
19217,6
19219,6
19221,6
19223,6
19225,6
19227,6
19229,6
19231,6
19233,6
19235,6
19237,6
19239,6
19241,6
19243,6
19245,6
19247,6
19249,6
19251,6
19253,6
19255,6
19257,6
19258,6
19259,6
19260,6
19261,6
19262,6
19263,6
19264,6
19265,6
19266,6
19267,6
19268,6
19269,6
19270,6
19271,6
19272,6
19273,6
19274,6
19275,6
19276,6
19277,6
19278,6
19279,6
19280,6
19281,6
19282,6
19283,6
19284,6
19285,6
19286,6
19287,6
19288,6
19289,6
19293,6
19295,6
19297,6
19299,6
19301,6
19303,6
19311,6
19313,6
19315,6
19317,6
19319,6
19321,6
19323,6
19325,6
19327,6
19329,6
19335,6
19337,6
19339,6
19341,6
19343,6
19345,6
19347,6
19349,6
19351,6
19353,6
19359,6
19361,6
19363,6
19491,4
19534,4
19535,4
19536,4
19537,4
19538,4
19539,4
19540,4
19551,4
19553,4
19554,4
19555,4
19556,4
19720,1
19724,1
19726,1
19739,2
19740,2
19744,1
19806,2
19807,2
19810,1
19811,1
19812,1
19813,1
19814,1
19815,1
19923,1
19925,1
19927,1
19929,1
19931,1
19935,1
19937,1
19939,1
19942,1
19944,1
19946,1
19948,1
19950,1
19952,1
19962,4
19964,4
19966,4
19968,4
19970,4
19972,4
19974,4
19976,4
19978,4
19980,4
19982,4
19984,4
19986,4
19988,4
19990,4
19992,4
19994,4
19995,4
19996,4
19998,4
20000,4
20002,4
20003,4
20004,4
20006,4
20008,4
20010,4
20012,4
20014,4
20016,4
20018,4
20020,4
20022,4
20024,4
20026,4
20028,4
20030,4
20032,4
20034,4
20036,4
20038,4
20040,4
20043,4
20045,4
20047,4
20049,4
20051,4
20053,4
20055,4
20057,4
20059,1
20060,1
20061,1
20062,1
20063,1
20064,1
20065,1
20066,1
20069,1
20070,1
20121,4
20124,1
20125,2
20126,2
20138,1
20157,4
20158,4
20159,4
20160,4
20161,4
20183,1
20185,1
20187,1
20189,1
20199,4
20201,5
20203,5
20205,5
20207,5
20214,1
20216,1
20218,1
20219,1
20220,1
20222,1
20224,1
20225,1
20226,1
20228,1
20230,1
20231,1
20232,1
20234,1
20236,1
20237,1
20238,1
20239,1
20240,1
20241,1
20242,1
20243,1
20244,1
20245,1
20246,1
20247,1
20248,1
20249,1
20250,1
20251,1
20252,1
20253,1
20254,1
20255,1
20260,1
20261,1
20262,1
20263,1
20264,1
20265,1
20280,1
20306,1
20307,1
20308,1
20343,2
20344,2
20345,2
20346,2
20347,2
20348,2
20349,2
20350,2
20351,2
20352,2
20353,2
20354,2
20405,1
20406,1
20408,1
20409,1
20444,1
20446,1
20448,1
20450,1
20452,1
20454,1
20498,4
20499,4
20500,4
20501,4
20502,4
20503,4
20504,4
20505,4
20506,4
20507,4
20508,4
20509,4
20514,1
20539,1
20555,3
20556,3
20557,3
20558,3
20559,3
20560,3
20561,3
20562,3
20563,3
20564,3
20565,3
20566,3
20567,3
20568,3
20569,3
20570,3
20573,3
20574,3
20575,3
20576,3
20577,3
20578,3
20579,3
20580,3
20581,3
20582,3
20587,3
20588,3
20589,3
20590,3
20591,3
20592,3
20593,3
20594,3
20595,3
20596,3
20597,3
20598,3
20599,3
20600,3
20601,3
20602,3
20603,3
20604,3
20605,3
20606,3
20607,3
20608,3
20609,3
20610,3
20611,3
20612,3
20613,3
20614,3
20617,3
20618,3
20619,3
20620,3
20621,3
20622,3
20623,3
20624,3
20625,3
20626,3
20627,3
20628,3
20629,3
20630,3
20631,3
20632,3
20633,3
20634,3
20635,3
20636,3
20637,3
20638,3
20639,3
20640,3
20641,3
20642,3
20701,1
20703,1
20721,4
20723,4
20725,4
20727,4
20729,4
20731,4
20733,4
20735,4
20737,4
20739,4
20741,4
20743,4
20745,4
20747,4
20749,4
20751,4
20753,4
20755,4
20757,4
20759,4
20761,4
20763,4
20765,4
20767,4
20769,4
20771,4
20773,4
20775,4
20777,4
20779,4
20781,4
20783,4
20785,4
20787,4
20789,4
20791,4
20793,4
20795,4
20797,4
20799,4
20801,4
20803,4
20805,4
20807,4
20809,4
20811,4
20813,4
20815,4
20817,4
20819,4
20821,4
20823,4
20825,4
20827,4
20829,4
20831,4
20833,4
20835,4
20837,4
20839,4
20841,4
20843,4
20845,4
20847,4
20849,4
20851,4
20853,4
20855,4
20857,4
20859,4
20861,4
20863,4
20865,4
20867,4
20869,4
20871,4
20873,4
20875,4
20877,4
20879,4
20881,4
20883,4
20885,4
20887,4
20889,4
20891,4
20893,4
20895,4
20897,4
20899,4
20901,4
20903,4
20905,4
20907,4
20909,4
20911,4
20913,4
20915,4
20917,4
20919,4
20921,4
20923,4
20925,4
20927,4
20929,4
20931,4
20933,4
20935,4
20937,4
20939,4
20941,4
20943,4
20945,4
20947,4
20949,4
20951,4
20953,4
20955,4
20957,4
20959,4
20961,4
20963,4
20965,4
20967,4
20969,4
20971,4
20973,4
20975,4
20977,4
20979,4
20981,4
20983,4
20985,4
20987,4
20989,4
20991,4
20993,4
20995,4
20997,4
20999,4
21001,4
21003,4
21005,4
21007,4
21097,3
21098,3
21194,4
21196,4
21198,4
21200,4
21202,4
21204,4
21206,4
21208,4
21210,4
21212,4
21214,4
21216,4
21218,4
21220,4
21222,4
21224,4
21226,4
21228,4
21230,4
21232,4
21234,4
21236,4
21238,4
21240,4
21242,4
21244,4
21246,4
21248,4
21250,4
21252,4
21254,4
21256,4
21258,4
21260,4
21262,4
21264,4
21266,4
21268,4
21270,4
21272,4
21274,4
21276,4
21278,4
21280,4
21282,4
21284,4
21286,4
21288,4
21290,4
21292,4
21294,4
21296,4
21298,4
21300,4
21302,4
21304,4
21306,4
21308,4
21310,4
21312,4
21314,4
21316,4
21318,4
21320,4
21322,4
21324,4
21326,4
21328,4
21330,4
21332,4
21334,4
21335,4
21336,4
21338,4
21340,4
21342,4
21344,4
21346,4
21348,4
21350,4
21352,4
21354,4
21356,4
21358,4
21360,4
21362,4
21364,4
21366,4
21368,4
21370,4
21372,4
21374,4
21376,4
21378,4
21380,4
21382,4
21384,4
21386,4
21388,4
21390,4
21392,4
21394,4
21396,4
21398,4
21400,4
21402,4
21404,4
21406,4
21408,4
21410,4
21412,4
21414,4
21416,4
21418,4
21420,4
21422,4
21424,4
21426,4
21428,4
21430,4
21432,4
21434,4
21436,4
21438,4
21440,4
21442,4
21444,4
21446,4
21450,4
21470,3
21471,3
21472,3
21473,3
21474,3
21475,3
21476,3
21477,3
21478,3
21479,3
21480,3
21481,3
21482,3
21483,3
21484,3
21485,3
21486,3
21487,3
21488,3
21489,3
21491,3
21492,3
21493,3
21494,3
21496,3
21497,3
21498,3
21499,3
21500,3
21501,3
21504,3
21505,3
21506,3
21507,3
21508,3
21509,3
21510,3
21511,3
21512,3
21513,3
21521,3
21522,3
21523,3
21524,3
21525,3
21526,3
21527,3
21528,3
21529,3
21530,3
21532,3
21534,3
21535,3
21536,3
21537,3
21538,3
21539,3
21540,3
21541,3
21542,3
21543,3
21545,3
21546,3
21547,3
21548,3
21549,3
21550,3
21551,3
21552,3
21553,3
21554,3
21555,3
21556,3
21557,3
21558,3
21559,3
21560,3
21561,3
21562,3
21628,4
21629,4
21638,2
21639,2
21640,2
21641,2
21740,4
21816,5
21817,5
21818,5
21819,5
21841,3
21855,1
21856,1
21857,1
21858,1
21867,1
21888,2
21889,2
21890,2
21894,4
21896,4
21898,4
21900,4
21902,4
21904,4
21906,4
21908,4
21910,4
21912,4
21914,4
21916,4
21918,4
21920,4
21922,4
21924,4
21926,4
21928,4
21931,4
21933,4
21935,4
21937,4
21939,4
21941,4
22107,4
22108,4
22109,4
22110,4
22111,4
22112,4
22113,4
22114,4
22115,4
22116,4
22117,4
22118,4
22119,4
22120,4
22121,4
22122,4
22123,4
22124,4
22125,4
22126,4
22127,4
22128,4
22129,4
22130,4
22131,4
22133,4
22134,4
22135,4
22136,4
22137,4
22175,1
22177,1
22227,1
22228,1
22229,2
22230,2
22291,2
22292,2
22428,2
22429,2
22430,2
22431,2
22436,2
22437,2
22440,2
22441,2
22442,2
22443,2
22444,2
22445,2
22446,2
22447,2
22448,2
22449,2
22452,2
22453,2
22456,2
22457,2
22460,2
22461,2
22464,2
22465,2
22466,2
22467,2
22468,2
22469,2
22470,2
22471,2
22474,2
22475,2
22542,1
22544,2
22545,2
22546,2
22547,2
22548,2
22549,2
22553,1
22555,1
22557,1
22559,2
22564,4
22565,4
22566,4
22567,4
22568,4
22569,4
22576,1
22611,1
22613,3
22615,3
22619,1
22621,3
22623,3
22765,1
22778,1
22818,1
22819,1
22834,1
22835,1
22836,1
22837,1
22875,3
22876,3
22877,3
22878,3
22879,3
22880,3
22881,3
22882,3
22883,3
22884,3
22887,3
22888,3
22889,3
22890,3
22891,3
22892,3
22893,3
22894,3
22895,3
22896,3
22897,3
22898,3
22899,3
22900,3
22901,3
22902,3
22903,3
22904,3
22905,3
22906,3
22907,3
22908,3
22909,3
22910,3
22911,3
22912,3
22913,3
22914,3
22915,3
22916,3
22917,3
22918,3
22919,3
22920,3
22923,3
22925,3
22926,3
22927,3
22928,3
22929,3
22930,3
22931,3
22932,3
22933,3
22934,3
22935,3
22936,3
22937,3
22938,3
22939,3
22940,3
22941,3
22942,3
22943,3
22944,3
22945,3
22946,3
22947,3
22948,3
22949,3
22950,3
22951,3
22952,3
22953,3
22954,3
22961,4
22963,4
22965,4
22967,4
22969,4
22971,4
22973,4
22975,4
22977,4
22979,4
22981,4
22983,4
22985,4
22987,4
22989,4
22991,4
22993,4
22995,4
22997,4
22999,4
23001,4
23003,4
23005,4
23007,4
23009,4
23011,4
23013,4
23015,4
23017,4
23019,4
23021,4
23023,4
23025,4
23027,4
23029,4
23031,4
23033,4
23035,4
23037,4
23039,4
23041,4
23043,4
23045,4
23047,4
23049,4
23051,4
23053,4
23055,1
23057,1
23059,1
23061,1
23071,4
23072,4
23073,4
23075,4
23077,4
23079,4
23081,4
23083,4
23085,4
23089,4
23091,4
23093,4
23095,4
23097,4
23099,4
23101,4
23103,4
23105,4
23107,4
23109,4
23111,4
23113,4
23115,4
23117,4
23119,4
23414,3
23415,3
23416,3
23417,3
23418,3
23419,3
23523,1
23525,1
23527,1
23533,1
23559,1
23561,1
23563,1
23709,1
23711,1
23717,1
23719,1
23783,3
23784,3
23785,3
23786,3
23787,3
23788,3
23789,3
23790,3
23791,3
23792,3
23793,3
23794,3
23795,3
23796,3
23797,3
23798,3
23799,3
23800,3
23801,3
23802,3
23803,3
23804,3
23805,3
23806,3
23807,3
23808,3
23809,3
23810,3
23811,3
23812,3
23813,3
23814,3
23815,3
23816,3
23817,3
23818,3
23819,3
23820,3
23821,3
23822,3
23824,3
23825,3
23829,3
23830,3
23834,3
23835,3
23836,3
23837,3
23838,3
23839,3
23840,3
23841,3
23842,3
23843,3
23844,3
23845,3
23846,3
23847,3
23848,3
23849,3
23850,3
23851,3
23852,3
23853,3
23854,3
23855,3
23856,3
23857,3
23864,3
23865,3
23866,3
23867,3
23868,3
23869,3
23894,3
23895,3
23896,3
23897,3
23898,3
23899,3
23900,3
23901,3
23902,3
23903,3
23913,1
24283,1
24305,2
24306,2
24343,2
24344,2
24345,2
24346,2
24347,2
24348,1
24395,1
24417,2
24418,2
24427,2
24428,2
24438,2
24439,2
24443,2
24444,2
24471,2
24472,2
24473,2
24474,2
24475,2
24476,2
24477,2
24478,2
24479,2
24485,2
24486,2
24487,2
24488,2
24489,2
24490,2
24491,2
24492,2
24493,2
24494,2
24495,2
24496,2
24497,2
24498,2
24499,2
24500,2
24501,2
24502,2
24503,2
24504,2
24505,2
24506,2
24507,2
24508,2
24509,2
24510,2
24511,2
24512,2
24513,2
24514,2
24515,2
24516,2
24517,2
24518,2
24519,2
24520,2
24521,2
24522,2
24523,2
24524,2
24525,2
24526,2
24527,2
24528,2
24529,2
24530,2
24531,2
24532,2
24533,2
24534,2
24535,2
24536,2
24537,2
24538,2
24539,2
24540,2
24541,2
24542,2
24543,2
24544,2
24569,1
24604,2
24605,2
24614,2
24615,2
24616,2
24617,2
24644,1
24669,2
24696,1
24698,1
24700,1
24702,1
25266,1
25540,1
25541,1
25542,1
25543,1
25561,1
25563,2
25564,2
25565,1
25567,1
25569,1
25571,1
25707,1
25709,1
25711,1
25713,1
25715,2
25716,2
25736,1
25771,2
25772,2
25797,1
25812,2
25813,2
25861,1
25888,1
25890,1
25892,1
25894,1
25896,1
25898,1
25900,1
25902,1
25906,1
25908,1
25910,1
25912,1
25914,1
25916,1
25918,1
25920,1
25924,1
25928,1
25930,1
25932,1
25934,1
25936,1
25948,1
25950,1
25952,1
25954,1
25956,1
25968,1
25970,1
25972,1
25974,1
25976,1
25978,1
25980,1
25996,1
25998,1
26000,1
26002,1
26004,1
26006,1
26008,1
26016,1
26018,1
26020,1
26022,1
26024,1
26026,1
26028,1
26030,1
26036,1
26038,1
26040,1
26042,1
26044,1
26046,1
26048,1
26056,1
26058,1
26060,1
26062,1
26064,1
26066,1
26068,1
26070,1
26072,1
26076,1
26078,1
26080,1
26082,1
26084,1
26086,1
26088,1
26090,1
26096,1
26100,1
26102,1
26104,1
26106,1
26108,1
26110,1
26112,1
26286,2
26287,2
26288,2
26289,2
26290,2
26291,2
26292,2
26293,2
26294,2
26295,2
26296,2
26297,2
26298,2
26299,2
26300,2
26301,2
26302,2
26303,2
26304,2
26305,2
26306,2
26307,2
26308,2
26309,2
26310,2
26311,2
26312,2
26313,2
26314,2
26315,2
26318,2
26319,2
26320,2
26321,2
26322,2
26323,2
26324,2
26325,2
26326,2
26327,2
26328,2
26329,2
26330,2
26331,2
26332,2
26333,2
26334,2
26335,2
26336,2
26337,2
26338,2
26339,2
26340,2
26341,2
26342,2
26343,2
26344,2
26345,2
26346,2
26347,2
26348,2
26349,2
26350,2
26351,2
26352,2
26353,2
26354,2
26355,2
26356,2
26357,2
26358,2
26359,2
26360,2
26361,2
26362,2
26363,2
26364,2
26365,2
26366,2
26367,2
26368,2
26369,2
26370,2
26371,2
26372,2
26373,2
26374,2
26375,2
26376,2
26377,2
26378,2
26379,2
26380,2
26381,2
26382,2
26383,2
26384,2
26385,2
26386,2
26387,2
26388,2
26389,2
26390,2
26391,2
26392,2
26393,2
26394,2
26395,2
26396,2
26397,2
26398,2
26399,2
26400,2
26401,2
26402,2
26403,2
26404,2
26405,2
26406,2
26407,2
26408,2
26409,2
26410,2
26411,2
26412,2
26413,2
26414,2
26415,2
26416,2
26417,2
26418,2
26419,2
26420,2
26421,2
26422,2
26423,2
26424,2
26425,2
26426,2
26427,2
26428,2
26429,2
26430,2
26431,2
26432,2
26433,2
26434,2
26435,2
26436,2
26437,2
26438,2
26439,2
26440,2
26441,2
26442,2
26443,2
26444,2
26445,2
26446,2
26447,2
26448,2
26449,2
26450,2
26451,2
26452,2
26453,2
26607,1
26840,4
26842,4
26843,4
26888,2
26889,2
26890,2
26891,2
26892,2
26893,2
26912,2
26913,2
26914,2
26915,2
26916,2
26917,2
26928,2
26929,1
26931,2
26932,2
26963,2
26967,2
27021,1
27023,2
27024,2
27064,1
27066,2
27067,2
27068,1
27313,4
27315,4
27317,4
27319,4
27321,4
27323,4
27325,4
27327,4
27329,4
27331,4
27333,4
27335,4
27337,4
27339,4
27341,4
27343,4
27345,4
27347,4
27349,4
27351,4
27353,4
27355,4
27357,4
27359,4
27361,4
27363,4
27365,4
27367,4
27369,4
27371,4
27373,4
27375,4
27377,4
27379,4
27381,4
27383,4
27385,4
27387,4
27389,4
27391,4
27393,4
27395,4
27397,4
27399,4
27401,4
27403,4
27405,4
27407,4
27409,4
27411,4
27413,4
27415,4
27417,4
27419,4
27421,4
27423,4
27425,4
27427,4
27429,4
27431,4
27433,4
27435,4
27437,4
27439,4
27441,4
27443,4
27445,4
27447,4
27449,4
27451,4
27453,4
27455,4
27457,4
27459,4
27461,4
27463,4
27465,4
27467,4
27469,4
27471,4
27473,4
27475,4
27477,4
27479,4
27481,4
27483,4
27485,4
27487,4
27489,4
27491,4
27493,4
27495,4
27497,4
27499,4
27501,4
27503,4
27505,4
27507,4
27509,4
27511,4
27513,4
27515,4
27517,4
27519,4
27521,4
27523,4
27525,4
27527,4
27530,4
27532,4
27533,4
27535,4
27536,4
27538,4
27539,4
27540,4
27542,4
27544,4
27545,4
27547,4
27548,4
27550,4
27551,4
27553,4
27554,4
27556,4
27557,4
27559,4
27560,4
27562,4
27563,4
27565,4
27567,4
27569,4
27570,4
27573,4
27574,4
27576,4
27577,4
27579,4
27580,4
27582,4
27583,4
27585,4
27589,4
27591,4
27592,4
27594,4
27595,4
27597,4
27598,4
27600,4
27601,4
27603,4
27604,4
27606,4
27607,4
27609,4
27610,4
27612,4
27613,4
27615,4
27616,4
27618,4
27619,4
27621,4
27622,4
27624,4
27625,4
27627,4
27628,4
27630,4
27631,4
27633,4
27634,4
27636,4
27638,4
27640,4
27641,4
27643,4
27644,4
27646,4
27647,4
27649,4
27650,4
27652,4
27653,4
27655,4
27672,1
27677,4
27680,4
27681,4
27682,4
27684,4
27685,4
27688,4
27689,4
27690,4
27694,4
27695,4
27696,4
27697,4
27698,4
27699,4
27703,4
27704,4
27705,4
27706,4
27707,4
27708,4
27712,4
27713,4
27714,4
27766,4
27767,4
27768,4
27769,4
27770,4
27771,4
27772,4
27773,4
27774,4
27775,4
27776,4
27777,4
27778,4
27779,4
27780,4
27781,4
27782,4
27783,4
27784,4
27785,4
27786,4
27787,4
27788,4
27789,4
27790,4
27791,4
27807,4
27808,4
27809,4
27810,4
27811,4
27812,4
27813,4
27814,4
27815,4
27816,4
27817,4
27818,4
27819,4
27820,4
27821,4
27822,4
27823,4
27824,4
27825,4
27826,4
27827,4
27828,4
27829,4
27830,4
27831,4
27832,4
27833,4
27834,4
27835,4
27836,4
27837,4
27838,4
27839,4
27840,4
27841,4
27842,4
27843,4
27844,4
27845,4
27846,4
27847,4
27848,4
27849,4
27850,4
27851,4
27852,4
27853,4
27854,4
27855,4
27856,4
27857,4
27858,4
27859,4
27860,4
27861,4
27862,4
27863,4
27864,4
27865,4
27866,4
27867,4
27868,4
27869,4
27870,4
27871,4
27872,4
27873,4
27874,4
27875,4
27876,4
27877,4
27878,4
27904,1
27914,1
27924,1
27930,1
27932,1
27934,1
27944,4
27945,4
27946,4
27947,4
27948,4
27949,4
27951,1
28197,2
28198,2
28199,2
28200,2
28201,2
28202,2
28203,2
28204,2
28205,2
28206,2
28207,2
28208,2
28209,2
28210,2
28211,2
28212,2
28213,2
28214,2
28215,2
28216,2
28262,4
28263,4
28264,4
28265,4
28266,4
28267,4
28268,4
28269,4
28270,4
28271,4
28272,4
28273,4
28274,4
28275,4
28276,4
28277,4
28278,4
28279,4
28280,4
28281,4
28282,4
28283,4
28284,4
28285,4
28286,4
28287,4
28288,4
28289,4
28290,4
28291,4
28292,4
28293,4
28294,4
28295,4
28296,4
28297,4
28298,4
28299,4
28300,4
28301,4
28302,4
28303,4
28304,4
28305,4
28306,4
28307,4
28308,4
28309,4
28324,4
28325,4
28326,4
28327,4
28328,4
28329,4
28330,4
28331,4
28332,4
28333,4
28334,4
28335,4
28336,4
28337,4
28338,4
28339,4
28369,2
28375,4
28376,4
28377,4
28378,4
28379,4
28380,4
28381,4
28382,4
28383,4
28384,4
28511,4
28512,4
28514,4
28515,4
28516,4
28517,4
28518,4
28519,4
28520,4
28521,4
28522,4
28523,4
28524,4
28525,4
28526,4
28527,4
28528,4
28529,4
28530,4
28531,4
28532,4
28533,4
28534,4
28535,4
28536,4
28537,4
28538,4
28539,4
28540,4
28541,4
28542,4
28543,4
28544,4
28545,4
28546,4
28547,4
28548,4
28549,4
28550,4
28551,4
28552,4
28553,4
28554,4
28555,4
28556,4
28557,4
28558,4
28559,4
28560,4
28561,4
28562,4
28563,4
28564,4
28565,4
28566,4
28576,2
28577,2
28578,2
28579,2
28583,1
28584,1
28654,1
28659,2
28660,2
28661,2
28662,2
28665,2
28666,2
28710,2
28711,2
28729,4
28730,4
28731,4
28732,4
28733,4
28734,4
28735,4
28736,4
28737,4
28738,4
28739,4
28740,4
28741,4
28742,4
28743,4
28744,4
28745,4
28746,4
28747,4
28748,4
28749,4
28750,4
28751,4
28752,4
28753,4
28754,4
28755,4
28756,4
28757,4
28758,4
28759,4
28766,4
28768,4
28770,4
28771,4
28772,4
28773,4
28774,4
28775,4
28776,4
28777,4
28778,4
28779,4
28780,4
28781,4
28782,4
28783,4
28784,4
28785,4
28786,4
28787,4
28788,4
28789,4
28790,4
28791,4
28792,4
28793,4
28794,4
28795,4
28796,4
28797,4
28798,4
28799,4
28800,4
28801,4
28802,4
28803,4
28804,4
28805,4
28806,4
28807,4
28808,4
28809,4
28810,4
28811,4
28812,4
28813,4
28814,4
28815,4
28816,4
28817,4
28818,4
28819,4
28844,2
28845,2
28846,2
28847,2
28848,2
28849,2
28850,2
28851,2
28890,2
28891,2
28894,2
28895,2
29248,1
29336,4
29337,4
29338,4
29339,4
29340,4
29341,4
29344,4
29345,4
29616,4
29618,4
29620,4
29622,4
29964,14
29965,14
29966,14
29967,14
29969,14
29970,14
29971,14
29972,14
29974,14
29975,14
29976,14
29977,14
29979,14
29980,14
29981,14
29982,14
29984,14
29985,14
29986,14
29987,14
29988,14
29989,14
29990,14
29991,14
30013,1
30028,1
30036,14
30037,14
30038,14
30039,14
30040,14
30041,14
30042,14
30043,14
30046,14
30047,14
30048,14
30049,14
30050,14
30051,14
30052,14
30053,14
30056,14
30057,14
30058,14
30059,14
30060,14
30061,14
30062,14
30063,14
30066,14
30067,14
30068,14
30069,14
30070,14
30071,14
30072,14
30073,14
30076,14
30077,14
30078,14
30079,14
30080,14
30081,14
30082,14
30083,14
30086,14
30087,14
30088,14
30089,14
30090,14
30091,14
30092,14
30093,14
30096,14
30097,14
30098,14
30099,14
30100,14
30101,14
30102,14
30103,14
30106,14
30107,14
30108,14
30109,14
30110,14
30111,14
30112,14
30113,14
30117,14
30118,14
30119,14
30120,14
30122,14
30123,14
30124,14
30125,14
30127,14
30128,14
30129,14
30130,14
30132,14
30133,14
30134,14
30135,14
30139,14
30140,14
30141,14
30142,14
30143,14
30144,14
30145,14
30146,14
30149,14
30150,14
30151,14
30152,14
30153,14
30154,14
30155,14
30156,14
30159,14
30160,14
30161,14
30162,14
30163,14
30164,14
30165,14
30166,14
30169,14
30170,14
30171,14
30172,14
30173,14
30174,14
30175,14
30176,14
30227,14
30228,14
30229,14
30230,14
30232,14
30233,14
30234,14
30235,14
30237,14
30238,14
30239,14
30240,14
30242,14
30243,14
30244,14
30245,14
30392,14
30393,14
30394,14
30395,14
30397,14
30398,14
30399,14
30400,14
30402,14
30403,14
30404,14
30405,14
30407,14
30408,14
30409,14
30410,14
30486,4
30488,4
30832,2
30833,2
30834,2
30835,2
30836,2
30837,2
30987,1
30993,1
30997,1
30999,1
31001,1
31003,2
31004,2
31005,2
31006,2
31007,2
31008,2
31009,1
31011,1
31013,1
31015,2
31016,2
31017,2
31018,2
31019,2
31020,2
31021,1
31023,1
31025,1
31027,2
31028,2
31029,2
31030,2
31031,2
31032,2
31033,1
31035,1
31037,1
31039,2
31040,2
31041,2
31042,2
31043,2
31044,2
31045,1
31047,1
31049,2
31050,2
31051,2
31052,2
31053,2
31054,2
31055,1
31057,2
31058,2
31059,2
31060,2
31061,2
31062,2
31063,1
31065,1
31067,1
31069,2
31070,2
31071,2
31072,2
31073,1
31075,1
31077,2
31078,2
31079,2
31080,2
31081,2
31082,2
31083,1
31085,1
31087,1
31089,2
31090,2
31091,2
31092,2
31093,2
31094,2
31105,1
31107,1
31109,1
31111,2
31112,2
31113,2
31114,2
31115,2
31116,2
31117,1
31119,1
31121,1
31123,2
31124,2
31125,2
31126,2
31127,2
31128,2
31129,1
31131,1
31133,1
31135,2
31136,2
31137,2
31138,2
31139,2
31140,2
31141,1
31143,1
31145,1
31147,2
31148,2
31149,2
31150,2
31151,2
31152,2
31153,1
31155,1
31157,1
31159,1
31161,1
31163,1
31165,2
31166,2
31167,2
31168,2
31169,2
31170,2
31171,2
31172,2
31173,2
31174,2
31175,2
31176,2
31177,1
31179,1
31181,1
31183,2
31184,2
31185,2
31186,2
31187,2
31188,2
31189,1
31191,1
31193,1
31195,2
31196,2
31197,2
31198,2
31199,2
31200,2
31201,1
31203,1
31205,1
31207,2
31208,2
31209,2
31210,2
31211,2
31212,2
31213,1
31215,1
31217,1
31220,2
31221,2
31222,2
31223,2
31224,2
31225,2
31226,1
31228,1
31230,1
31232,2
31233,2
31234,2
31235,2
31236,2
31237,2
31238,1
31240,1
31242,1
31244,2
31245,2
31246,2
31247,2
31248,2
31249,2
31250,1
31252,1
31254,1
31256,2
31257,2
31258,2
31259,2
31260,2
31261,2
31262,1
31264,1
31266,1
31268,2
31269,2
31270,2
31271,2
31272,2
31273,2
31274,1
31276,1
31278,1
31280,2
31281,2
31282,2
31283,2
31284,2
31285,2
31286,1
31288,1
31290,1
31292,2
31293,2
31294,2
31295,2
31296,2
31297,2
31298,1
31300,1
31302,1
31304,2
31305,2
31306,2
31307,2
31308,2
31309,2
31310,1
31312,1
31314,1
31316,2
31317,2
31318,2
31319,2
31320,2
31321,2
31322,1
31324,1
31326,1
31328,2
31329,2
31330,2
31331,2
31332,2
31333,2
31334,1
31336,1
31338,1
31340,2
31341,2
31342,2
31343,2
31344,2
31345,2
31346,1
31348,1
31350,1
31352,2
31353,2
31354,2
31355,2
31356,2
31357,2
31358,1
31360,1
31362,1
31364,2
31365,2
31366,2
31367,2
31368,2
31369,2
31370,1
31372,1
31374,1
31376,2
31377,2
31378,2
31379,2
31380,2
31381,2
31382,1
31384,1
31386,1
31388,2
31389,2
31390,2
31391,2
31392,2
31393,2
31394,1
31396,1
31398,1
31400,2
31401,2
31402,2
31403,2
31404,2
31405,2
31406,1
31408,1
31410,1
31412,2
31413,2
31414,2
31415,2
31416,2
31417,2
31418,1
31420,1
31422,1
31424,2
31425,2
31426,2
31427,2
31428,2
31429,2
31430,1
31432,1
31434,1
31436,2
31437,2
31438,2
31439,2
31440,2
31441,2
31442,1
31444,1
31446,1
31448,2
31449,2
31450,2
31451,2
31452,2
31453,2
31454,1
31456,1
31458,1
31460,2
31461,2
31462,2
31463,2
31464,2
31465,2
31466,1
31468,1
31470,1
31472,2
31473,2
31474,2
31475,2
31476,2
31477,2
31478,1
31480,1
31482,1
31484,2
31485,2
31486,2
31487,2
31488,2
31489,2
31490,1
31492,1
31494,1
31496,2
31497,2
31498,2
31499,2
31500,2
31501,2
31502,1
31504,1
31506,1
31508,2
31509,2
31510,2
31511,2
31512,2
31513,2
31514,1
31516,1
31518,1
31520,2
31521,2
31522,2
31523,2
31524,2
31525,2
31526,1
31528,1
31530,1
31532,2
31533,2
31534,2
31535,2
31536,2
31537,2
31538,1
31540,1
31542,1
31544,2
31545,2
31546,2
31547,2
31548,2
31549,2
31550,1
31552,1
31554,1
31556,2
31557,2
31558,2
31559,2
31560,2
31561,2
31562,1
31564,1
31566,1
31568,2
31569,2
31570,2
31571,2
31572,2
31573,2
31574,1
31576,1
31578,1
31580,2
31581,2
31582,2
31583,2
31584,2
31585,2
31586,1
31588,1
31590,1
31592,2
31593,2
31594,2
31595,2
31596,2
31597,2
31598,1
31600,1
31602,1
31604,2
31605,2
31606,2
31607,2
31608,1
31610,1
31612,1
31614,2
31615,2
31616,2
31617,2
31618,2
31619,2
31620,1
31622,1
31624,1
31626,2
31627,2
31628,2
31629,2
31630,2
31631,2
31632,1
31634,1
31636,1
31638,2
31639,2
31640,2
31641,2
31642,2
31643,2
31644,1
31646,1
31648,1
31650,2
31651,2
31652,2
31653,2
31654,2
31655,2
31656,1
31658,1
31660,1
31662,2
31663,2
31664,2
31665,2
31666,2
31667,2
31668,1
31670,1
31672,1
31674,2
31675,2
31676,2
31677,2
31678,2
31679,2
31680,1
31682,1
31684,1
31686,2
31687,2
31688,2
31689,2
31690,2
31691,2
31692,1
31694,1
31696,1
31698,2
31699,2
31700,2
31701,2
31702,2
31703,2
31704,1
31706,1
31708,1
31710,2
31711,2
31712,2
31713,2
31714,2
31715,2
31716,1
31718,1
31720,1
31722,2
31723,2
31724,2
31725,2
31726,2
31727,2
31728,1
31730,1
31732,1
31734,2
31735,2
31736,2
31737,2
31738,2
31739,2
31740,1
31742,1
31744,1
31746,2
31747,2
31748,2
31749,2
31750,2
31751,2
31752,1
31754,1
31756,1
31758,2
31759,2
31760,2
31761,2
31762,2
31763,2
31764,1
31766,1
31768,1
31770,2
31771,2
31772,2
31773,2
31774,2
31775,2
31776,1
31778,1
31780,1
31782,2
31783,2
31784,2
31785,2
31786,2
31787,2
31788,1
31790,1
31792,1
31794,2
31795,2
31796,2
31797,2
31798,2
31799,2
31800,1
31802,1
31804,1
31810,2
31811,2
31812,2
31813,2
31814,2
31815,2
31816,1
31818,1
31820,1
31822,2
31823,2
31824,2
31825,2
31826,2
31827,2
31864,4
31865,4
31866,4
31867,4
31868,4
31869,4
31870,4
31871,4
31872,4
31873,4
31874,4
31875,4
31876,4
31877,4
31878,4
31879,4
31880,4
31881,4
31882,4
31883,4
31884,4
31885,4
31886,4
31887,4
31888,4
31889,4
31890,4
31891,4
31892,4
31893,4
31894,4
31895,4
31896,4
31897,4
31898,4
31899,4
31900,4
31901,4
31902,4
31903,4
31904,4
31905,4
31906,4
31907,4
31908,4
31909,4
31910,4
31911,4
31916,4
31917,4
31918,4
31919,4
31922,4
31923,4
31924,4
31925,4
31926,4
31927,4
31928,4
31929,4
31930,4
31931,4
31932,4
31933,4
31936,4
31942,4
31943,4
31944,4
31945,4
31946,4
31947,4
31948,4
31949,4
31950,4
31951,4
31952,4
31953,4
31954,4
31955,4
31956,4
31957,4
31958,4
31959,4
31962,4
31963,4
31964,4
31965,4
31966,4
31967,4
31968,4
31969,4
31970,4
31971,4
31972,4
31973,4
31974,4
31975,4
31976,4
31977,4
31978,4
31979,4
31982,4
31990,4
31998,4
32006,4
32014,4
32025,1
32027,1
32029,2
32030,2
32031,2
32032,2
32033,1
32035,1
32037,2
32038,2
32039,2
32040,2
32041,1
32043,1
32045,2
32046,2
32047,2
32048,2
32049,1
32051,1
32053,2
32054,2
32055,2
32056,2
32057,1
32059,1
32061,2
32062,2
32063,2
32064,2
32069,1
32071,1
32073,2
32074,2
32075,2
32076,2
32077,2
32078,2
32079,2
32080,2
32081,1
32083,1
32085,2
32086,2
32087,2
32088,2
32089,1
32091,1
32093,2
32094,2
32095,2
32096,2
32101,4
32102,4
32103,4
32104,4
32105,4
32107,4
32108,4
32109,4
32110,4
32111,4
32112,4
32113,4
32114,4
32115,4
32116,4
32117,4
32118,4
32119,4
32120,4
32121,4
32122,4
32123,4
32124,4
32125,4
32207,4
32208,4
32209,4
32210,4
32246,3
32260,3
32262,3
32305,4
32306,4
32307,4
32308,4
32309,4
32310,4
32311,4
32312,4
32325,1
32340,1
32342,1
32344,1
32413,4
32414,4
32415,4
32416,4
32417,4
32436,1
32438,1
32440,1
32442,1
32444,1
32467,1
32469,1
32788,4
32789,4
32790,4
32791,4
32809,4
32810,4
32811,4
32812,4
32840,4
32841,4
32842,4
32843,4
32844,4
32845,4
32846,4
32847,4
32848,4
32849,4
32854,1
32855,1
32872,1
32874,1
32876,1
32878,1
32880,1
32919,5
32921,5
32923,5
32925,5
32927,5
32929,5
32931,5
32933,5
32935,5
32937,5
32939,5
32941,5
32943,5
32945,5
32947,5
32949,5
32951,5
32953,5
32955,5
32957,5
32983,4
32984,4
32985,4
32986,4
32987,4
32988,4
32989,4
32990,4
33079,4
33081,4
33082,4
33083,4
33099,4
33151,4
33152,4
33153,4
33154,4
33155,4
33156,4
33157,4
33158,4
33176,1
33178,1
33180,1
33190,4
33191,4
33197,2
33198,2
33199,2
33200,2
33201,2
33202,2
33270,1
33272,2
33273,2
33277,1
33279,2
33280,2
33281,1
33283,2
33284,2
33285,1
33287,2
33288,2
33289,1
33291,2
33292,2
33293,1
33295,2
33296,2
33297,1
33298,2
33300,2
33301,2
33302,2
33303,1
33305,2
33306,2
33307,1
33309,2
33310,2
33311,1
33313,2
33314,2
33328,4
33330,4
33332,4
33334,4
33395,4
33396,4
33397,4
33398,4
33403,4
33404,4
33405,4
33406,4
33440,1
33441,1
33442,1
33446,4
33447,4
33448,1
33450,2
33451,2
33452,4
33453,4
33454,5
33455,5
33456,5
33457,5
33458,5
33459,4
33460,4
33461,5
33462,5
33463,5
33464,4
33465,5
33466,1
33468,4
33469,4
33470,4
33471,4
33472,4
33473,4
33474,1
33475,1
33477,1
33514,19
33516,4
33520,1
33521,1
33522,1
33523,1
33525,4
33526,4
33527,4
33528,4
33529,4
33536,2
33543,2
33545,2
33546,2
33547,2
33548,2
33553,4
33554,4
33555,4
33556,2
33557,4
33558,2
33559,4
33560,2
33561,4
33562,2
33563,4
33564,2
33565,4
33566,2
33581,1
33582,1
33583,1
33584,1
33586,1
33588,1
33596,1
33609,1
33611,1
33671,1
33673,2
33674,2
33675,2
33676,2
33677,4
33678,4
33681,4
33682,4
33683,2
33684,2
33697,2
33698,2
33700,1
33701,1
33702,1
33703,1
33704,1
33706,1
33708,2
33709,2
33710,2
33711,2
33712,2
33713,2
33816,4
33817,4
33818,4
33819,4
33820,4
33821,4
33822,1
33824,2
33825,2
33826,4
33828,4
33830,4
33832,4
33834,5
33836,5
33838,5
33840,5
33842,4
33844,4
33846,4
33848,4
33850,4
33852,4
33867,4
33868,4
33890,1
33892,2
33893,2
33894,1
33896,2
33897,2
33898,1
33900,2
33901,2
33902,1
33904,2
33905,2
33917,4
33918,4
33919,4
33920,4
33921,4
33922,4
33923,4
33924,4
33925,4
33926,4
33927,4
33928,4
33929,4
33930,4
33931,4
33932,4
33933,4
33934,4
33935,4
33936,4
33937,4
33938,4
33939,4
33940,4
33941,4
33942,4
33943,4
33944,4
33945,4
33946,4
33947,4
33948,4
33949,4
33950,4
33951,4
33952,4
33953,4
33954,4
33955,4
33956,4
33957,4
33958,4
33959,4
33960,4
33961,4
33962,4
33963,4
33964,4
33965,4
33966,4
33967,4
33968,4
33969,4
33970,4
33971,4
33972,4
33973,4
33974,4
33975,4
33976,4
33981,1
33983,1
33984,1
33985,1
33986,1
34122,1
34124,1
34125,1
34126,1
34127,1
34151,4
34153,4
34219,2
34220,2
34221,2
34222,2
34223,2
34224,2
34231,2
34232,2
34233,2
34234,2
34235,2
34236,2
34241,2
34242,2
34243,2
34244,2
34245,2
34246,2
34253,2
34254,2
34255,2
34256,2
34257,2
34258,2
34260,1
34264,1
34271,4
34272,2
34273,2
34274,2
34275,2
34276,2
34277,2
34278,2
34279,2
34280,2
34281,2
34282,2
34283,2
34284,2
34285,2
34286,2
34287,2
34288,2
34289,2
34290,2
34291,2
34292,2
34293,2
34294,2
34295,2
34317,14
34318,14
34461,4
34462,4
34463,4
34464,4
34475,4
34476,4
34477,2
34478,2
34479,2
34480,2
34481,4
34483,4
34485,4
34487,4
34489,4
34496,4
34562,14
34563,14
34590,4
34591,4
34593,1
34595,2
34596,2
34802,17
34817,17
34828,14
34829,14
35656,1
35657,1
35658,1
35659,1
35660,1
35661,1
35662,1
35683,14
35684,14
35770,1
35771,2
35773,2
35774,1
35779,4
35780,4
35781,4
35782,4
35788,1
35789,1
35790,2
35792,2
35833,1
35834,1
35877,54
35878,54
35880,54
35881,54
35886,54
35888,54
35889,54
35890,54
35891,54
35892,54
35893,54
35894,54
35895,54
35896,54
35897,54
35898,54
35899,54
35900,54
35901,54
35904,54
35905,54
35906,54
35907,54
35908,54
35909,54
35910,54
35911,54
35912,54
35913,54
35914,54
35915,54
35916,54
35917,54
35918,54
35919,54
35920,54
35921,54
35922,54
35923,54
35924,54
35925,54
35926,54
35927,54
35928,54
35929,54
35930,54
35931,54
35932,54
35933,54
35934,54
35935,54
35936,54
35937,54
35938,54
35939,54
35940,54
35941,54
35943,54
35944,54
35945,54
35947,54
35949,54
35950,54
35951,54
35952,54
35953,54
35954,54
35955,54
35957,54
35958,54
35959,54
35961,54
35962,54
35963,54
35965,54
35966,54
35967,54
36997,54
36999,54
37000,54
37001,54
37002,54
37003,54
37004,54
37005,54
37006,54
37007,54
37008,54
37020,54
37021,54
37022,54
37023,54
37024,54
37025,54
37026,54
37027,54
37028,54
37029,54
37030,54
37031,54
37032,54
37033,54
37034,54
37037,54
37038,54
37039,54
37040,54
37041,54
37042,54
37043,54
37044,54
37045,54
37046,54
37047,54
37048,54
37049,54
37050,54
37051,54
37052,54
37053,54
37054,54
37058,54
37060,54
37061,54
37062,54
37063,54
37064,54
37065,54
37066,54
37067,54
37068,54
37071,54
37072,54
37073,54
37075,54
37079,54
37080,54
37081,54
37083,54
37085,54
37087,54
37135,2
37138,54
37139,54
37141,54
37142,54
37143,54
37146,54
37147,53
37148,54
37149,53
37150,54
37151,53
37152,53
37153,53
37154,54
37155,53
37156,54
37157,53
37158,54
37159,53
37160,54
37161,53
37162,54
37163,53
37164,54
37165,53
37166,54
37167,53
37168,54
37169,53
37170,54
37171,53
37172,53
37173,54
37174,54
37175,53
37176,54
37177,53
37178,54
37179,53
37180,54
37181,53
37182,53
37183,54
37184,54
37185,53
37186,54
37187,53
37188,54
37190,54
37191,53
37192,54
37193,53
37194,54
37195,53
37196,54
37197,53
37198,54
37199,53
37202,54
37203,53
37204,54
37205,53
37206,54
37207,53
37208,54
37209,53
37210,54
37211,53
37212,54
37213,53
37214,54
37215,53
37216,54
37217,53
37218,54
37219,53
37220,54
37221,53
37222,54
37223,53
37224,54
37225,53
37226,54
37227,53
37228,54
37229,53
37230,54
37231,53
37232,54
37233,53
37234,54
37235,53
37248,54
37249,53
37250,54
37251,53
37252,54
37253,53
37254,54
37255,53
37256,54
37257,53
37258,54
37259,53
37260,54
37261,53
37268,54
37269,53
37270,54
37271,53
37272,54
37273,53
37274,54
37275,53
37280,54
37281,53
37282,54
37283,53
37284,54
37285,53
37288,1
37289,1
37290,1
37291,1
37292,2
37293,4
37294,2
37295,2
37296,2
37297,1
37298,2
37299,2
37300,2
37301,1
37302,2
37303,2
37304,2
37305,1
37306,2
37307,2
37309,54
37310,54
37311,2
37314,2
37316,2
37318,2
37320,2
37322,2
37324,2
37326,53
37328,2
37329,53
37330,54
37331,53
37332,54
37333,53
37334,54
37335,53
37337,2
37338,54
37339,53
37340,54
37341,53
37342,53
37343,54
37344,53
37345,53
37346,54
37347,54
37348,53
37349,54
37350,53
37351,53
37352,54
37353,53
37354,54
37355,53
37356,54
37357,53
37358,54
37359,53
37360,54
37361,53
37364,54
37365,53
37366,54
37367,53
37368,54
37369,53
37370,54
37371,53
37372,54
37373,53
37374,54
37375,53
37376,54
37377,53
37378,54
37379,53
37380,54
37381,53
37382,54
37383,53
37384,54
37385,53
37386,54
37387,53
37388,54
37389,53
37390,54
37391,53
37392,54
37393,53
37394,54
37395,53
37396,54
37397,53
37410,54
37411,53
37413,54
37414,53
37415,54
37416,53
37417,54
37418,53
37419,54
37420,53
37421,54
37422,53
37423,54
37424,53
37431,54
37432,53
37433,54
37434,53
37435,54
37436,53
37437,54
37438,53
37443,54
37444,53
37445,54
37446,53
37447,54
37448,53
37449,54
37450,1
37451,2
37452,4
37453,4
37454,4
37455,4
37456,4
37457,2
37458,2
37459,2
37460,2
37475,53
37480,2
37481,2
37482,2
37483,2
37532,54
37541,54
37543,1
37544,1
37545,1
37546,2
37599,1
37604,1
37605,1
37608,1
37610,1
37611,1
37612,4
37613,4
37617,2
37618,2
37619,2
37620,2
37622,6
37623,6
37624,6
37625,6
37626,6
37627,6
37628,6
37629,6
37630,6
37631,6
37805,4
37820,4
37821,54
37822,54
37823,54
37824,54
37825,4
37833,54
37834,54
37835,54
37836,54
37843,54
37844,54
37845,54
37846,54
37847,54
37848,54
37849,54
37850,54
37851,54
37852,54
37853,54
37854,54
37855,54
37856,54
37857,54
37858,54
37859,54
37860,54
37963,54
37964,54
38661,2
39580,2
39581,2
39583,2
40301,2
40302,2
40307,1
40308,1
40309,1
40310,1
40311,1
40312,1
40313,1
40314,1
40315,4
40316,4
40317,4
40318,4
40339,2
40340,4
40345,1
40346,1
40347,1
40348,1
40349,1
40350,1
40351,2
40354,1
40355,1
40356,1
40357,2
40358,1
40359,1
40360,1
40361,1
40362,1
40363,1
40364,1
40365,1
40521,4
40552,2
40553,2
40554,2
40555,2
40556,2
40557,2
40558,2
40559,2
40560,2
40561,2
40562,2
40563,2
40564,2
40565,2
40566,2
40567,2
40568,2
40569,2
40570,2
40571,2
40659,1
40660,1
40661,1
40662,2
40663,4
40664,4
40665,1
40666,1
40667,1
40668,2
40669,4
40670,4
40673,1
40674,1
40675,2
40676,4
40677,4
40685,1
40686,1
40687,2
40688,4
40689,4
40690,4
40691,5
40692,5
40693,5
40694,5
40714,1
40715,1
40716,1
40717,2
40718,4
40719,1
40720,1
40721,1
40722,2
40723,4
40730,1
40731,1
40732,1
40733,1
40734,2
40736,4
40737,4
40741,1
40742,1
40743,1
40744,2
40746,4
40747,4
40750,1
40752,1
40753,1
40754,1
40755,1
40756,1
40757,1
40758,2
40759,2
40762,4
40763,4
40764,4
40765,4
41030,4
41031,1
41032,1
41033,1
41034,1
41038,4
41040,1
41054,1
41055,1
41056,1
41057,2
41058,4
41059,4
41061,4
41062,4
41063,1
41064,1
41065,1
41066,4
41067,4
41069,1
41070,1
41071,1
41072,1
41073,2
41074,4
41075,4
41076,1
41077,1
41078,1
41079,4
41080,1
41081,1
41082,1
41083,4
41086,1
41087,1
41088,1
41089,1
41090,2
41091,4
41093,1
41094,1
41095,1
41096,1
41097,2
41098,4
41099,1
41100,1
41101,1
41102,1
41103,4
41104,4
41105,1
41106,1
41107,1
41108,1
41110,2
41111,4
41113,4
41114,1
41115,1
41116,1
41117,1
41118,4
41119,4
41120,1
41121,1
41122,1
41123,1
41124,4
41125,4
41126,1
41127,1
41128,1
41129,1
41130,4
41132,1
41133,1
41134,1
41135,1
41136,2
41137,4
41138,1
41139,1
41140,1
41141,1
41142,4
41143,1
41144,1
41145,2
41146,1
41147,4
41148,1
41150,1
41151,1
41152,1
41153,1
41154,4
41156,1
41157,1
41158,1
41159,1
41160,4
41161,1
41162,1
41163,1
41165,1
41166,2
41167,4
41168,1
41169,1
41170,1
41171,1
41172,2
41173,4
41174,4
41175,1
41176,1
41177,1
41178,1
41179,4
41180,1
41181,1
41182,4
41183,1
41184,1
41185,4
41186,2
41187,2
41190,2
41191,4
41192,5
41193,5
41194,5
41195,5
41196,4
41197,4
41198,4
41199,4
41200,4
41201,4
41202,4
41203,5
41204,5
41205,5
41206,5
41207,5
41208,5
41210,5
41211,5
41212,4
41213,4
41214,4
41215,4
41216,4
41217,4
41218,4
41219,4
41220,4
41222,2
41223,1
41224,1
41226,1
41227,1
41228,2
41229,4
41236,1
41237,1
41238,1
41239,2
41240,4
41241,4
41243,1
41244,1
41245,2
41246,4
41248,4
41249,1
41250,1
41251,1
41252,1
41253,2
41254,4
41255,4
41257,1
41258,1
41260,4
41261,2
41262,4
41270,2
41271,2
41272,2
41273,2
41274,2
41275,2
41276,2
41277,2
41278,2
41279,2
41280,2
41281,2
41282,2
41283,2
41284,2
41285,2
41286,2
41287,2
41288,2
41289,2
41290,2
41291,2
41292,2
41293,2
41294,2
41295,2
41296,2
41297,2
41298,2
41299,2
41300,2
41301,2
41313,1
41314,2
41315,2
41316,2
41317,2
41318,2
41319,2
41320,2
41321,2
41322,2
41323,2
41324,2
41325,2
41326,2
41327,2
41328,2
41329,2
41330,2
41331,2
41332,2
41333,2
41334,2
41335,2
41336,2
41337,2
41351,2
41352,2
41353,2
41354,2
41356,2
41362,2
41364,2
41366,2
41368,2
41370,2
41372,2
41374,2
41375,2
41377,2
41378,2
41380,2
41381,2
41383,2
41384,2
41386,2
41413,1
41414,1
41415,2
41416,2
41417,4
41418,4
41422,54
41423,53
41424,54
41425,53
41426,54
41427,53
41428,54
41429,53
41430,53
41431,54
41432,53
41433,54
41434,53
41435,54
41436,53
41437,54
41456,4
41457,4
41458,4
41459,4
41460,4
41461,4
41462,4
41463,1
41464,1
41465,1
41466,2
41467,4
41468,4
41469,1
41470,1
41471,1
41472,4
41473,4
41474,4
41475,2
41484,1
41485,1
41486,2
41487,4
41488,4
41489,1
41490,4
41491,1
41492,1
41493,2
41494,4
41495,4
41498,1
41499,1
41500,2
41501,4
41502,4
41505,1
41506,1
41507,2
41508,4
41509,4
41510,4
41511,1
41512,1
41513,1
41514,2
41515,1
41516,1
41525,2
41526,4
41527,4
41528,2
41529,4
41530,4
41531,4
41533,3
41534,3
41535,3
41536,3
41565,1
41566,1
41600,1
41601,1
41602,2
41603,4
41604,4
41605,4
41606,4
41608,1
41609,1
41610,2
41611,4
41612,4
41613,4
41614,1
41615,1
41616,2
41618,4
41619,4
41621,1
41622,1
41623,2
41624,1
41625,4
41626,4
41628,1
41629,1
41630,2
41631,2
41632,1
41633,1
41634,2
41635,4
41636,4
41637,4
41640,1
41641,2
41642,4
41643,4
41645,1
41646,2
41647,4
41648,4
41658,2
41659,4
41660,4
41661,4
41663,2
41664,4
41665,4
41666,1
41667,1
41668,1
41669,4
41670,4
41671,4
41697,1
41698,1
42124,4
42125,4
42126,4
42132,4
42133,4
42134,4
42135,4
42136,4
42137,4
42138,4
42145,4
42146,4
42200,4
42201,4
42202,4
42203,4
42204,4
42205,4
42206,4
42207,4
42208,4
42209,4
42210,4
42211,4
42212,4
42213,4
42214,4
42215,4
42241,4
42242,4
42243,4
42245,4
42246,4
42524,4
42525,4
42526,1
42527,1
42528,1
42529,1
42530,1
42715,19
42730,19
42890,2
42891,2
43551,2
43552,2
43554,2
43555,2
43556,2
43607,2
43608,2
43609,2
43610,2
43611,2
43680,19
43681,4
43694,4
43695,4
43696,4
43697,4
43698,4
43699,1
43700,2
43701,4
43704,54
43705,53
43707,54
43708,53
43709,54
43711,53
43712,54
43713,53
43714,54
43715,53
43716,54
43717,53
43718,54
43719,53
43720,54
43721,53
43722,54
43723,53
43724,54
43725,53
43726,54
43727,53
43729,54
43730,53
43732,54
43733,54
43734,53
43775,4
43854,53
43855,54
43856,54
43857,53
43858,54
43859,53
43860,54
43861,53
43862,54
43863,53
43864,53
43865,54
43866,53
43867,54
43868,53
43869,54
43870,54
43871,53
43872,54
43873,53
43874,53
43875,54
43876,54
43877,53
43878,53
43879,54
43880,54
43881,53
43882,53
43883,54
43884,53
43885,54
43886,53
43887,54
43888,53
43889,54
43890,53
43891,54
43892,53
43893,54
43911,1
43912,2
43913,4
43914,4
43915,4
43916,4
43919,54
43920,54
43921,53
43925,54
43926,54
43927,54
43928,54
43929,54
43934,4
44002,54
44003,53
44004,54
44005,53
44006,54
44007,53
44008,54
44009,53
44010,54
44011,53
44012,54
44013,53
44014,54
44015,53
44016,54
44017,53
44018,54
44019,53
44020,54
44021,53
44022,54
44023,53
44024,54
44025,53
44026,54
44027,53
44028,54
44029,53
44030,54
44031,53
44032,54
44033,53
44034,54
44035,53
44036,54
44037,53
44038,54
44039,53
44040,54
44041,53
44042,54
44043,53
44044,54
44045,53
44046,54
44047,53
44048,54
44049,53
44050,54
44051,53
44052,54
44053,53
44054,54
44055,53
44056,54
44057,53
44058,54
44059,53
44060,54
44061,53
44062,54
44063,53
44064,54
44065,53
44074,54
44075,53
44076,54
44077,53
44078,54
44079,53
44080,54
44081,53
44082,54
44083,53
44084,54
44085,53
44086,54
44087,53
44088,54
44089,53
44090,54
44091,53
44092,54
44093,53
44094,54
44095,53
44096,54
44097,53
44101,17
44111,3
44112,3
44113,3
44114,3
44115,3
44116,3
44117,3
44118,3
44127,17
44134,19
44135,19
44136,19
44137,19
44138,19
44139,19
44140,19
44141,19
44142,19
44143,19
44144,19
44145,19
44146,19
44147,19
44148,19
44149,19
44150,19
44151,19
44152,19
44153,19
44154,19
44155,19
44156,19
44157,19
44158,19
44159,19
44160,19
44161,19
44162,19
44163,19
44164,19
44165,19
44166,19
44167,19
44168,19
44169,19
44170,19
44171,19
44172,19
44173,19
44174,19
44175,19
44176,19
44177,19
44178,19
44179,19
44180,19
44181,19
44182,19
44183,19
44184,19
44185,19
44186,19
44270,19
44993,2
44995,2
44996,2
45009,54
45043,4
45044,4
45045,4
45486,2
45487,2
45528,2
45530,4
45531,4
45532,4
45533,4
45534,2
45535,2
45537,54
45538,54
45539,54
45540,54
45541,54
45542,54
45544,52
45545,52
45546,52
45547,52
45548,52
45549,52
45550,52
45551,52
45553,17
45554,17
45555,17
45556,17
45557,17
45558,17
45559,17
45586,14
45587,14
45588,14
45589,14
45590,14
45591,14
45592,14
45593,14
45594,14
45595,14
45596,14
45597,14
45598,14
45599,14
45600,14
45601,14
45602,14
45603,14
45604,14
45605,14
45606,14
45607,14
45608,14
45609,14
45610,14
45611,14
45612,14
45613,14
45614,14
45615,14
45616,14
45617,14
45618,14
45619,14
45620,14
45621,14
45622,14
45623,14
45624,14
45625,14
45626,14
45627,14
45628,14
45629,14
45630,14
45631,14
45632,14
45633,14
45640,52
45641,52
45642,52
45643,52
45644,4
45645,4
45646,4
45647,4
45648,4
45649,4
45665,17
45666,17
45667,17
45668,17
45669,1
45671,1
45673,1
45675,1
45681,14
45682,14
45683,14
45684,14
45685,14
45686,14
45687,14
45688,14
45689,14
45690,14
45691,14
45692,14
45693,14
45694,14
45695,14
45696,14
45697,14
45698,14
45699,14
45700,14
45701,14
45702,14
45703,14
45704,14
45705,14
45706,14
45707,14
45708,14
45709,14
45710,14
45711,14
45712,14
45713,14
45714,14
45715,14
45716,14
45717,14
45718,14
45719,14
45720,14
45721,14
45722,14
45723,14
45724,14
45725,14
45726,14
45727,14
45728,14
45998,19
45999,19
46000,19
46001,19
46002,19
46003,19
46004,19
46005,19
46006,19
46270,3
46323,54
46324,53
46325,54
46326,53
46327,54
46328,53
46350,1
46351,2
46352,1
46353,2
46355,1
46356,2
46357,1
46358,2
46359,1
46360,2
46361,1
46362,2
46365,1
46366,2
46367,1
46368,2
46369,1
46370,2
46371,1
46372,2
46381,19
46484,54
46485,53
46486,54
46487,53
46488,54
46489,53
46490,54
46491,53
46492,54
46493,53
46494,54
46495,53
46496,54
46497,53
46500,53
46501,54
46502,53
46503,54
46504,53
46505,54
46506,54
46507,53
46508,54
46509,53
46510,54
46511,53
46512,54
46513,53
46514,54
46515,53
46516,54
46517,53
46518,54
46519,53
46575,52
46576,52
46577,52
46578,52
46633,54
46634,53
46635,54
46636,53
46637,54
46638,53
46639,54
46640,53
46641,54
46642,53
46643,54
46644,53
46645,54
46646,53
46647,54
46648,53
46649,54
46650,53
46651,54
46652,53
46773,19
46774,19
46775,19
46776,19
46777,19
46778,19
46779,19
46780,19
46781,19
46782,19
46783,19
46784,19
46785,19
46786,19
46787,19
46788,19
46789,19
46790,19
46791,19
46792,19
46793,19
46794,19
46795,19
46796,19
46797,19
46798,19
46799,19
46800,19
46801,19
46802,19
46803,19
46804,19
46805,19
46806,19
46807,19
46808,19
46809,19
46810,19
46811,19
46812,19
46813,19
46814,19
46815,19
46816,19
46817,19
46818,19
46819,19
46820,19
46821,19
46822,19
46823,19
46824,19
46827,19
46828,19
46829,19
46830,19
46831,19
46832,19
46833,19
46834,19
46835,19
46836,19
46837,19
46838,19
46839,19
46840,19
46841,19
46842,19
46843,19
46844,19
46845,19
46846,19
46847,19
46848,19
46849,19
46850,19
46851,19
46852,19
46853,19
46854,19
46855,19
46856,19
46857,19
46858,19
46859,19
46860,19
46861,19
46862,19
46863,19
46864,19
46865,19
46866,19
46867,19
46868,19
46869,19
46870,19
46871,19
46872,19
46873,19
46874,19
46875,19
46876,19
46877,19
46878,19
46879,19
46880,19
46881,19
46882,19
46883,19
46884,19
46885,19
46886,19
46887,19
46888,19
46889,19
46890,19
46891,19
46892,19
46893,19
46894,19
46895,19
46896,19
46897,19
46898,19
46899,19
46900,19
46901,19
46902,19
46903,19
46904,19
46905,19
46906,19
46907,19
46908,19
46909,19
46910,19
46911,19
46912,19
46913,19
46914,19
46915,19
46916,19
46917,19
46918,19
46919,19
46920,19
46921,19
46922,19
46923,19
46924,19
46925,19
46926,19
46927,19
46928,19
46929,19
46930,19
46931,19
46932,19
46933,19
46934,19
46935,19
46936,19
46937,19
46938,19
46939,19
46940,19
46941,19
46942,19
46943,19
46944,19
46945,19
46946,19
46947,19
46948,19
46949,19
46950,19
46951,19
46952,19
46953,19
46954,19
46955,19
46956,19
46957,19
46958,19
46959,19
46960,19
46961,19
46962,19
46963,19
46964,19
46965,19
46966,19
46967,19
46968,19
46969,19
46970,19
46971,19
46972,19
46973,19
46974,19
46975,19
46976,19
46977,19
46978,19
46979,19
46980,19
46981,19
46982,19
46983,19
46984,19
46985,19
46986,19
46987,19
46988,19
46989,19
46990,19
46991,19
46992,19
46993,19
46994,19
46995,19
46996,19
46997,19
46998,19
46999,19
47000,19
47001,19
47002,19
47003,19
47004,19
47005,19
47006,19
47007,19
47008,19
47009,19
47010,19
47011,19
47012,19
47013,19
47014,19
47015,19
47035,54
47036,54
47037,54
47038,54
47039,54
47049,19
47050,19
47051,19
47052,19
47068,54
47069,54
47070,54
47071,54
47072,54
47073,54
47074,54
47107,54
47109,54
47110,54
47111,54
47112,54
47113,54
47114,54
47115,54
47116,54
47117,54
47118,54
47119,53
47120,53
47121,53
47122,53
47123,52
47124,54
47125,54
47126,54
47127,53
47128,53
47129,53
47130,53
47131,54
47132,54
47133,54
47134,53
47135,53
47136,53
47137,53
47138,54
47139,54
47140,54
47141,53
47142,53
47143,53
47144,53
47145,54
47146,54
47147,54
47148,53
47149,53
47150,53
47151,53
47208,54
47209,54
47210,54
47211,54
47212,53
47213,54
47214,53
47215,53
47216,54
47217,53
47218,53
47219,54
47220,53
47221,53
47222,54
47223,53
47224,54
47225,53
47226,54
47227,53
47228,54
47229,53
47230,54
47231,53
47232,52
47233,54
47234,54
47235,54
47236,54
47237,53
47238,53
47239,53
47240,53
47241,54
47242,53
47243,54
47244,53
47245,54
47246,53
47247,54
47248,53
47252,54
47254,1
47255,1
47256,1
47257,2
47258,4
47259,1
47260,2
47261,19
47262,19
47263,19
47269,1
47270,1
47272,1
47273,1
47274,1
47288,54
47289,17
47290,17
47291,17
47292,17
47293,17
47294,17
47295,17
47298,53
47300,54
47301,54
47303,54
47322,53
47323,53
47324,53
47325,53
47326,53
47327,53
47328,53
47330,53
47331,53
47332,53
47333,53
47334,53
47335,53
47336,54
47337,54
47338,53
47339,53
47340,53
47341,53
47342,53
47343,53
47344,53
47345,53
47346,53
47347,53
47348,53
47349,53
47350,53
47351,53
47352,54
47353,53
47354,54
47355,53
47356,54
47357,54
47358,53
47359,53
47360,54
47361,54
47362,53
47363,53
47364,53
47365,53
47366,53
47367,53
47368,53
47369,53
47408,15
47447,4
47448,4
47509,17
47510,17
47511,17
47512,4
47513,4
47514,4
47515,4
47516,4
47702,15
47727,2
47728,2
47732,15
47734,1
47736,15
47740,15
47745,15
47749,15
47753,15
47757,15
47769,15
47773,15
47777,15
47781,15
47785,15
47789,15
47793,15
47800,15
47804,15
47808,15
47812,15
47817,15
47820,15
47824,15
47828,15
47832,15
47836,15
47838,15
47840,15
47842,15
47844,15
47846,15
47881,52
47882,52
47883,52
47884,52
47885,1
47886,1
47887,1
47908,1
47909,1
47911,2
47912,1
47913,1
47914,2
47915,4
47916,1
47917,1
47918,2
47919,4
47920,1
47921,1
47922,2
47923,4
47925,1
47926,2
47927,2
47929,1
47930,2
47931,2
47933,1
47934,2
47935,2
47970,2
47972,2
47974,2
47979,52
47980,52
47981,52
47982,52
47983,52
47984,52
47985,52
47986,52
47987,52
47988,52
47989,52
47990,52
47991,52
47992,52
47993,52
47994,52
47995,52
47996,52
47997,52
47998,52
47999,52
48000,52
48001,52
48002,52
48003,52
48004,52
48005,52
48006,52
48007,52
48008,52
48009,52
48010,52
48011,52
48012,52
48013,52
48014,52
48015,52
48016,52
48017,52
48018,52
48019,52
48020,52
48021,52
48022,52
48023,52
48024,52
48025,52
48026,52
48027,52
48028,52
48029,52
48030,52
48031,52
48032,52
48033,52
48034,52
48035,52
48036,52
48037,52
48038,52
48039,52
48040,52
48041,52
48042,52
48043,52
48044,52
48045,52
48046,52
48047,52
48048,52
48049,52
48050,52
48051,52
48052,52
48053,52
48054,52
48055,52
48056,52
48057,52
48058,52
48059,52
48060,52
48061,52
48062,52
48063,52
48064,52
48065,52
48066,52
48067,52
48068,52
48069,52
48070,52
48071,52
48072,52
48073,52
48074,52
48075,52
48076,52
48077,52
48078,52
48096,2
48100,2
48101,2
48105,2
48106,2
48110,2
48111,2
48113,19
48114,19
48115,19
48121,1
48150,19
48151,19
48152,19
48153,19
48213,17
48242,17
48243,17
48244,17
48365,17
48366,17
48367,17
48368,17
48369,17
48419,15
48423,15
48427,15
48431,15
48435,15
48439,15
48469,1
48470,1
48471,1
48472,1
48473,1
48474,1
48513,19
48531,19
48532,19
48533,19
48534,19
48535,19
48536,19
48599,19
48600,19
48601,19
48602,19
48603,19
48604,19
48605,19
48606,19
48607,19
48608,19
48610,19
48611,19
48612,19
48613,19
48614,19
48615,19
48616,19
48635,2
48636,2
48637,2
48638,2
48642,19
48643,19
48644,19
48645,19
48723,17
48724,17
48725,17
48726,17
48744,19
48745,19
48746,19
48747,19
48780,1
48916,19
48917,19
48918,19
48919,19
48923,19
48924,19
48925,19
48926,19
48927,19
48944,19
48946,19
48947,19
48948,19
48949,19
48950,19
48951,19
48952,19
48953,19
48954,19
49146,17
49147,17
49148,17
49149,17
49150,17
49531,19
49532,19
49533,19
49538,19
49539,19
49540,19
49541,19
49672,19
49673,19
49681,19
49682,19
49701,19
49702,19
49705,19
49706,19
49708,19
49709,19
49710,1
49712,1
49713,2
49717,2
49718,19
49719,19
49722,15
49726,15
49730,15
49734,15
49738,15
49746,19
49748,19
49749,19
49750,17
49751,17
49752,17
49753,19
49756,19
49770,1
49771,1
49772,1
49773,2
49774,4
49776,1
49777,1
49778,2
49779,4
49787,19
49789,19
49790,19
49791,19
49794,19
49795,19
49796,19
49797,19
49798,19
49799,19
49800,19
49801,19
49802,19
49803,19
49804,19
49805,19
49806,19
49809,19
49810,19
49811,19
49812,19
49813,19
49814,19
49922,17
49923,17
49924,17
49925,17
49926,17
49927,17
49928,17
49967,19
49968,19
49969,19
49970,19
49971,19
49972,19
49973,19
49974,19
49975,19
49978,19
49979,19
49980,19
49984,19
49985,19
49986,19
49987,19
49992,19
50002,17
50003,17
50004,17
50007,19
50008,19
50009,19
50010,19
50011,19
50012,19
50013,19
50014,19
50015,19
50029,19
50030,19
50031,19
50033,19
50034,19
50035,19
50036,19
50037,19
50038,19
50039,19
50040,19
50041,19
50042,19
50045,19
50046,19
50047,19
50048,19
50051,19
50052,19
50053,19
50066,19
50067,19
50068,19
50069,17
50070,17
50071,17
50072,19
50073,19
50074,17
50075,17
50076,17
50077,17
50078,17
50079,17
50083,17
50084,17
50085,17
50130,19
50131,19
50132,19
50133,19
50139,17
50140,17
50141,17
50142,17
50143,17
50144,17
50145,17
50146,17
50147,17
50148,17
50149,17
50150,17
50151,17
50152,17
50153,17
50156,19
50157,19
50158,19
52188,19
52189,19
52219,19
52227,15
52230,15
52236,5
52237,5
52238,5
52239,5
52240,5
52241,5
52242,5
52243,5
52244,4
52245,4
52250,2
52251,2
52252,2
52253,2
52254,2
52255,2
52263,19
52269,19
52270,19
52273,19
52274,19
52275,19
52276,19
52277,19
52290,19
52291,19
52292,19
52293,19
52294,19
52295,19
52296,19
52297,19
52298,19
52299,19
52300,19
52301,19
52302,17
52303,17
52304,17
52318,19
52348,4
52349,4
52350,4
52423,17
52424,17
52425,17
52426,17
52427,17
52428,17
52429,17
52430,17
52431,17
52432,17
52433,17
52434,17
52435,17
52436,17
52437,17
52438,17
52439,17
52440,17
52520,19
52552,17
52553,17
52554,17
52555,17
52556,17
52557,17
52558,17
52559,17
52560,17
52561,17
52562,17
52563,17
52569,17
52570,17
52571,17
52572,17
52573,17
52574,17
52575,17
52576,17
52577,17
52578,17
52579,17
52580,17
52581,17
52582,17
52583,17
52584,17
52585,17
52586,17
52587,17
52588,17
52589,17
52595,17
52596,17
52597,17
52598,17
52629,17
52630,17
52631,17
52632,17
52633,17
52634,17
52635,17
52636,17
52637,17
52638,17
52639,17
52640,17
52641,17
52642,17
52643,17
52674,4
52679,4
52680,4
52681,4
52682,4
52683,4
52684,2
52685,2
52686,2
52687,2
52688,2
52689,2
52693,1
52706,17
52707,17
52708,17
52709,17
52710,17
52711,17
52712,17
52713,17
52714,17
52715,17
52716,17
52717,17
52718,17
52719,17
52720,17
52721,17
52722,17
52723,17
52724,17
52725,17
52726,17
52727,17
52728,17
52729,17
52730,17
52731,17
52732,17
52733,17
52734,17
52735,17
52736,17
52737,17
52738,17
52739,17
52740,17
52741,17
52742,17
52743,17
52744,17
52745,17
52746,17
52747,17
52748,17
52749,17
52750,17
52751,17
52752,17
52753,17
52754,17
52755,17
52756,17
52757,17
52758,17
52759,17
52760,17
52761,17
52762,17
52763,17
52764,17
52765,17
52766,17
52767,17
52768,17
52769,17
52770,17
52771,17
52772,17
52773,17
52774,17
52775,17
52776,17
52777,17
52778,17
52779,17
52780,17
52781,17
52782,17
52785,4
52786,4
52787,4
52788,4
52789,4
52790,4
52791,2
52792,2
52793,2
52794,2
52795,2
52796,2
52798,19
52799,19
52800,19
52801,19
52802,19
52803,19
52804,19
52805,19
52806,19
52807,19
52808,19
52809,19
52810,19
52811,19
52812,19
52818,19
52819,19
52820,19
52821,19
52822,19
52823,19
52824,19
52825,19
52826,19
52827,19
52828,19
52829,19
52830,19
52831,19
52832,19
52844,17
52845,17
52846,17
52847,17
52848,17
52849,17
52850,17
52851,17
52852,17
52853,17
52854,17
52855,17
52856,17
52857,17
52858,17
52859,17
52860,17
52861,17
52862,17
52863,17
52864,17
52865,17
52866,17
52867,17
52868,17
52869,17
52870,17
52871,17
52872,17
52873,17
52874,17
52875,17
52876,17
52877,17
52878,17
52879,17
52880,17
52881,17
52882,17
52883,17
52884,17
52885,17
52886,17
52887,17
52888,17
52889,17
52890,17
52891,17
52892,17
52893,17
52894,17
52895,17
52896,17
52897,17
52898,17
52899,17
52900,17
52901,17
52902,17
52917,4
52918,4
52919,4
52920,4
52921,4
52922,4
52923,2
52924,2
52925,2
52926,2
52927,2
52928,2
52929,4
52930,4
52931,4
52932,2
52933,2
52934,2
52935,2
52936,2
52937,2
52938,4
52939,4
52940,4
52941,2
52947,2
52948,2
52949,2
52950,2
52951,2
52952,4
52953,4
52954,4
52955,2
52956,2
52957,2
52958,2
52959,2
52960,2
52961,4
52962,4
52963,4
52972,2
52974,2
52975,2
52976,2
52977,2
52978,2
53007,17
53008,17
53009,17
53010,17
53011,17
53012,17
53013,17
53014,17
53015,17
53016,17
53017,17
53018,17
53019,17
53020,17
53021,17
53031,1
53053,19
53055,19
53056,19
53057,19
53058,19
53059,19
53060,19
53149,17
53150,17
53151,17
53152,17
53153,17
53154,17
53155,17
53156,17
53157,17
53158,17
53159,17
53160,17
53161,17
53162,17
53163,17
53164,17
53165,17
53166,17
53167,17
53168,17
53169,17
53170,17
53171,17
53172,17
53173,17
53174,17
53175,17
53176,17
53177,17
53178,17
53179,17
53180,17
53181,17
53182,17
53183,17
53184,17
53185,17
53186,17
53187,17
53188,17
53189,17
53190,17
53191,17
53192,17
53193,17
53194,17
53195,17
53196,17
53197,17
53198,17
53199,17
53200,17
53201,17
53202,17
53203,17
53204,17
53205,17
53206,17
53420,17
53421,17
53422,17
53423,17
53424,17
53425,17
53426,17
53427,17
53428,17
53429,17
53430,17
53431,17
53432,17
53433,17
53434,17
53435,17
53436,17
53437,17
53438,17
53486,19
53488,19
53489,19
53490,19
53491,19
53492,19
53493,19
53494,19
53495,19
53496,19
53497,19
53498,19
53499,19
53505,19
53506,19
53507,19
53508,19
53509,19
53510,19
53511,19
53512,19
53513,19
53514,19
53515,19
53516,19
53517,19
53595,17
53596,17
53597,17
53598,17
53599,17
53600,17
53601,17
53602,17
53603,17
53604,17
53605,17
53606,17
53607,17
53608,17
53609,17
53610,17
53611,17
53612,17
53613,17
53614,17
53615,17
53616,17
53617,17
53618,17
53619,17
53620,17
53621,17
53622,17
53623,17
53624,17
53625,17
53626,17
53627,17
53628,17
53629,17
53630,17
53631,17
53632,17
53633,17
53634,17
53635,17
53636,17
53637,17
53638,17
53639,17
53640,17
53641,17
53642,17
53643,17
53644,17
53645,17
53646,17
53647,17
53648,17
53649,17
53650,17
53651,17
53653,17
53665,17
53666,17
53667,17
53668,17
53704,4
53705,4
53706,4
53707,4
53708,4
53709,4
53710,4
53711,4
53712,4
53713,4
53714,4
53715,4
53722,2
53723,2
53724,2
53725,2
53726,2
53727,2
53728,2
53729,2
53730,2
53731,2
53732,2
53733,2
53839,4
53853,4
53854,4
53855,4
53856,4
53857,4
53859,2
53860,2
53861,2
53862,2
53863,2
53864,2
53890,4
53891,4
53892,4
53893,4
53894,4
53895,4
53896,4
53897,4
53898,4
53899,4
53900,4
53901,4
53902,4
53903,4
53904,4
53905,4
53906,4
53907,4
53908,2
53909,2
53910,2
53911,2
53912,2
53913,2
53914,2
53915,2
53916,2
53917,2
53918,2
53919,2
53920,2
53921,2
53922,2
53923,2
53924,2
53925,2
53949,17
53950,17
53951,17
53952,17
53953,17
53954,17
53955,17
53956,17
53957,17
53958,17
53959,17
53960,17
53961,17
53962,17
53963,17
53964,17
53977,1
53983,1
53984,1
53985,1
53986,1
53987,1
53988,1
53989,1
53990,1
53991,1
54000,2
54001,2
54002,2
54003,2
54004,2
54005,2
54006,4
54007,4
54008,4
54009,2
54010,2
54011,2
54012,2
54013,2
54014,2
54015,4
54016,4
54017,4
54018,2
54019,2
54020,2
54021,2
54022,2
54023,2
54024,4
54025,4
54026,4
54027,2
54028,2
54029,2
54030,2
54031,2
54032,2
54033,4
54034,4
54035,4
54036,2
54037,2
54038,2
54039,2
54040,2
54041,2
54042,4
54043,4
54044,4
54045,2
54046,2
54047,2
54048,2
54049,2
54050,2
54051,4
54052,4
54053,4
54054,2
54055,2
54056,2
54057,2
54058,2
54059,2
54060,4
54061,4
54062,4
54063,2
54064,2
54065,2
54066,2
54067,2
54068,2
54069,4
54070,4
54071,4
54072,2
54073,2
54074,2
54075,2
54076,2
54077,2
54078,4
54079,4
54080,4
54081,2
54082,2
54083,2
54084,2
54085,2
54086,2
54087,4
54088,4
54089,4
54090,2
54091,2
54092,2
54093,2
54094,2
54095,2
54096,4
54097,4
54098,4
54099,2
54100,2
54101,2
54102,2
54103,2
54104,2
54105,4
54106,4
54107,4
54219,17
54220,17
54221,17
54222,17
54229,17
54230,17
54231,17
54257,1
54291,1
54292,1
54293,1
54294,1
54295,1
54392,4
54393,4
54394,4
54395,4
54396,4
54397,4
54398,4
54399,4
54400,4
54401,4
54402,4
54403,4
54404,4
54405,4
54406,4
54407,4
54408,4
54409,4
54410,2
54411,2
54412,2
54413,2
54414,2
54415,2
54416,2
54417,2
54418,2
54419,2
54420,2
54421,2
54422,2
54423,2
54424,2
54425,2
54426,2
54427,2
54428,17
54429,17
54430,17
54431,17
54444,17
54445,17
54446,17
54447,17
54471,19
54480,19
54486,19
54564,19
54648,19
54650,19
54652,19
54653,19
54654,19
54658,1
54731,1
54732,1
54739,1
54740,1
54741,1
54742,2
54743,4
54745,1
54746,1
54747,1
54748,2
54749,4
54750,1
54751,1
54752,1
54753,2
54754,4
54769,1
54770,1
54771,1
54772,1
54773,1
54774,1
54775,1
54776,1
54777,1
54778,1
54779,1
54780,1
54781,2
54782,2
54783,2
54784,2
54785,2
54786,2
54802,1
54803,1
54812,19
54813,19
54814,19
54815,19
54816,19
54817,19
54818,19
54842,1
54843,1
54844,1
54845,1
54846,1
54847,1
54848,1
54849,1
54850,1
54851,1
54852,1
54853,1
54854,1
54855,1
54856,1
54857,1
54858,1
54859,1
54860,1
54861,1
54862,1
54863,1
54864,1
54865,1
54866,1
54867,1
54868,1
54869,1
54870,1
54871,1
54872,1
54873,1
54874,1
54875,1
54876,1
54877,1
54878,1
54879,1
54880,1
54881,1
54882,1
54883,1
54884,2
54885,2
54886,2
54887,2
54888,2
54889,2
54890,2
54891,2
54892,2
54893,2
54894,2
54895,2
54896,2
54897,2
54898,2
54899,2
54900,17
54901,17
54902,17
54903,17
54904,17
54905,17
54906,17
54907,17
54908,17
54909,17
54910,17
54911,17
54912,17
54913,17
54914,17
54915,17
54916,17
54917,17
54918,17
54919,17
54920,17
54921,17
54970,1
54971,1
54972,1
54973,1
54974,1
54975,2
55712,17
55713,17
55714,17
55715,17
55716,17
55717,17
55718,17
55719,17
55720,17
55721,17
55722,17
55723,17
55724,17
55725,17
55726,17
55760,2
55761,4
55762,2
55763,1
55830,1
55831,1
55832,1
55836,1
55837,1
55838,1
55839,1
55840,1
55841,1
55842,1
55843,1
55844,1
55845,1
55846,1
55860,3
55861,3
55862,3
55863,3
55902,1
55903,1
55904,1
55905,1
55906,1
55907,1
55908,1
55909,1
55910,1
55911,1
55930,1
55931,1
55932,1
55933,1
55984,17
55985,17
55986,17
56065,1
56066,1
56067,1
56068,1
56069,1
56070,1
56071,1
56072,1
56073,1
56074,1
56075,1
56076,1
56077,1
56078,1
56079,1
56080,1
56081,1
56116,1
56125,19
56131,1
56132,1
56133,1
56134,1
56136,1
56139,1
56140,1
56141,1
56142,1
56143,1
56153,19
56154,19
56155,19
56156,19
56157,19
56158,19
56190,17
56191,17
56192,17
56193,17
56194,17
56195,17
56196,17
56197,17
56198,17
56199,17
56201,54
56202,54
56203,54
56204,54
56205,54
56206,54
56207,54
56208,54
56269,1
56270,1
56271,1
56272,1
56273,1
56274,1
56275,1
56276,1
56277,1
56278,1
56279,1
56280,1
56281,1
56282,1
56283,1
56284,1
56285,1
56286,1
56287,1
56288,1
56289,1
56290,1
56291,1
56292,1
56293,1
56294,1
56299,1
56300,1
56301,1
56303,15
56304,15
56305,15
56306,15
56307,15
56308,15
56309,15
56310,15
56311,15
56312,15
56313,15
56365,19
56569,1
56590,17
56591,17
56592,17
56593,17
56594,17
56595,17
56596,17
56597,17
56598,17
56599,17
56600,17
56601,17
56602,17
56603,17
56604,17
56605,17
56606,17
56607,17
56608,17
56609,17
56610,17
56611,17
56612,17
56613,17
56614,17
56615,17
56616,17
56617,17
56618,17
56701,1
56702,1
56707,19
56734,1
56735,1
56745,19
56748,1
56749,1
56787,19
56832,1
56875,19
56876,19
56877,19
56894,17
56895,17
56896,17
56897,17
56898,17
56899,17
56900,17
56901,17
56902,17
56903,17
56904,17
56905,17
56906,17
56908,17
56909,17
56910,17
56911,17
56912,17
56913,17
56914,17
56915,17
56916,17
56917,17
56918,17
56919,17
56920,17
56921,17
56922,17
56923,17
56924,17
56925,17
56926,17
56927,17
56928,17
56929,17
56930,17
56931,17
56932,17
56933,17
56934,17
56935,17
56936,17
56937,17
56938,17
56944,19
56946,17
56950,19
57000,19
57001,19
57002,19
57003,19
57027,19
57028,19
57052,17
57053,17
57054,17
57055,17
57056,17
57057,17
57058,17
57059,17
57060,17
57061,17
57062,17
57063,17
57064,17
57065,17
57066,17
57067,17
57068,17
57069,17
57070,17
57071,17
57072,17
57110,4
57111,4
57112,4
57113,4
57114,4
57116,4
57117,4
57118,4
57119,4
57120,4
57121,4
57122,4
57123,4
57124,4
57125,4
57126,4
57127,4
57128,4
57129,2
57130,2
57131,2
57132,2
57133,2
57134,2
57135,2
57136,2
57137,2
57138,2
57139,2
57140,2
57142,2
57143,2
57144,2
57145,2
57146,2
57147,2
57149,19
57150,19
57156,17
57157,17
57158,17
57159,17
57160,17
57161,17
57162,17
57163,17
57166,19
57167,19
57168,19
57169,19
57170,19
57213,1
57222,1
57223,1
57224,1
57226,19
57227,19
57228,19
57229,19
57230,19
57231,19
57232,19
57254,19
57255,19
57256,19
57257,19
57258,19
57259,19
57260,19
57261,19
57262,19
57263,19
57264,19
57265,19
57266,19
57267,19
57268,19
57269,19
57270,19
57271,19
57272,19
57273,19
57274,19
57275,19
57276,19
57277,19
57279,1
57280,1
57281,1
57282,19
57283,19
57284,19
57285,19
57302,1
57303,1
57304,1
57305,1
57306,1
57330,1
57331,1
57335,1
57336,1
57423,19
57424,19
57429,1
57433,19
57434,19
57435,19
57490,1
57491,1
57492,1
57493,1
57494,1
57495,1
57496,1
57497,1
57498,1
57499,1
57500,1
57501,1
57502,1
57503,1
57504,1
57505,1
57506,1
57507,1
57508,1
57509,1
57510,1
57511,1
57512,1
57513,1
57514,1
57515,1
57516,1
57517,1
57518,1
57519,1
57520,1
57521,1
57522,1
57523,1
57524,1
57525,1
57526,1
57745,19
57746,19
57747,19
57764,1
57774,1
57807,17
57808,17
57809,17
57810,17
57811,17
57812,17
57813,17
57814,17
57815,17
57816,17
57817,17
57818,17
58798,17
58799,17
58800,17
58801,17
58851,19
58852,19
58853,19
58854,19
58855,19
58856,19
58857,1
58858,1
58905,1
58919,1
58945,1
58950,2
58955,1
58966,1
58971,1
58972,2
58973,1
58974,1
58975,2
59171,1
59172,2
59301,19
59302,19
59303,19
59304,19
59305,19
59306,19
59307,1
59308,1
59311,17
59312,17
59313,17
59314,17
59315,17
59316,17
59317,1
59318,1
59325,17
59326,17
59327,17
59328,17
59329,17
59330,17
59331,17
59332,17
59333,17
59334,17
59603,1
59632,1
59678,1
59755,1
59876,19
59878,19
59879,19
59880,19
59881,19
59882,19
59883,19
59884,19
59885,19
59886,19
59887,19
59888,19
59889,19
59890,19
59891,19
59900,1
59901,1
59902,1
59903,1
59989,1
60024,1
60025,1
60027,17
60028,17
60029,17
60030,17
60031,17
60032,17
60095,1
60096,1
60191,1
60192,1
60193,17
60194,17
60195,17
60196,17
60213,17
60214,17
60215,17
60216,17
60217,17
60218,17
60219,17
60220,17
60221,17
60222,17
60223,17
60224,17
60225,17
60226,17
60252,1
60253,1
60276,1
60279,1
60280,1
60281,2
60283,2
60284,2
60285,1
60286,1
60287,1
60288,2
60289,2
60290,2
60291,1
60292,1
60293,1
60294,2
60295,2
60296,2
60297,1
60298,1
60299,1
60300,2
60301,2
60302,2
60303,1
60304,1
60305,1
60306,2
60307,2
60308,2
60309,1
60310,1
60311,2
60312,2
60313,1
60314,2
60315,4
60338,1
60339,2
60340,4
60341,1
60342,2
60343,1
60344,2
60345,1
60346,2
60347,1
60348,2
60349,1
60350,2
60351,2
60352,2
60353,2
60354,2
60355,2
60356,2
60357,2
60358,2
60359,2
60360,2
60361,2
60362,2
60363,1
60364,1
60365,1
60366,1
60367,1
60368,1
60369,1
60370,1
60371,1
60372,1
60373,1
60374,1
60422,19
60423,19
60424,19
60425,19
60426,19
60427,19
60428,19
60429,19
60430,19
60448,19
60449,19
60450,19
60459,1
60477,1
60478,15
60479,15
60480,15
60481,15
60482,15
60483,15
60486,1
60489,1
60490,1
60514,1
60563,17
60564,17
60565,17
60566,17
60567,17
60568,17
60569,17
60570,17
60596,1
60683,19
60684,19
60685,19
60686,19
60687,19
60688,19
60689,19
60690,19
60691,19
60692,19
60693,19
60694,19
60695,19
60696,19
60697,19
60698,19
60699,19
60700,19
60701,19
60702,19
60703,19
60704,19
60705,19
60706,19
60710,1
60711,1
60712,1
60713,1
60714,19
60715,19
60716,19
60764,4
60765,4
60766,4
60767,4
60768,4
60769,1
60850,1
60851,1
60852,1
60853,1
60854,1
60855,1
60944,17
60945,17
60946,17
60947,17
60948,17
60949,17
60950,17
60951,17
60952,17
60953,17
60954,17
60955,17
60956,17
60957,17
60958,17
61083,19
61084,19
61085,19
61086,19
61087,19
61090,19
61091,19
61093,19
61096,19
61097,19
61099,19
61101,19
61103,19
61105,19
61107,19
61110,19
61112,19
61114,19
61116,19
61118,19
61119,19
61121,17
61122,17
61123,17
61124,17
61125,17
61126,17
61127,17
61128,17
61197,1
61198,1
61199,2
61200,2
61201,1
61202,1
61203,2
61204,2
61205,1
61206,1
61207,2
61208,2
61209,1
61210,1
61211,2
61212,2
61213,1
61214,1
61215,2
61216,2
61217,1
61218,1
61219,2
61220,2
61221,1
61222,1
61223,2
61224,2
61225,1
61226,1
61227,2
61228,2
61229,1
61230,1
61231,2
61232,2
61233,1
61234,1
61235,2
61236,2
61658,1
61659,1
61666,1
61980,19
61981,19
61982,19
61983,19
61984,19
61985,19
61986,19
61987,19
61988,19
61989,19
61990,19
61991,19
61992,19
61993,19
61994,19
61995,19
61996,19
61997,19
61998,19
61999,19
62000,19
62001,19
62002,19
62003,19
62004,19
62005,19
62006,19
62030,54
62031,1
62032,1
62033,1
62034,1
62035,1
62036,1
62037,1
62038,1
62039,1
62040,1
62041,1
62042,1
62043,1
62044,1
62045,1
62058,1
62059,1
62060,1
62061,1
62062,1
62063,1
62064,1
62235,19
62236,19
62237,19
62590,1
62591,2
62592,1
62593,2
62595,19
62596,19
62597,19
62598,19
62599,19
62600,19
62601,19
62602,19
62603,19
62604,19
62605,19
62606,19
62607,19
62608,19
62609,19
62610,19
62611,19
62612,19
62613,19
62614,19
62615,19
62616,19
62617,19
62618,19
62619,19
62620,19
62621,19
62652,1
62669,1
62670,1
62671,1
62672,1
62673,1
62674,1
62675,1
62676,1
62677,1
62678,1
62679,1
63195,1
63201,17
63202,17
63203,17
63204,17
63205,17
63206,17
63207,17
63208,17
63209,17
63210,17
63211,17
63212,17
63273,1
63274,1
63275,1
63276,1
63277,1
63278,1
63279,1
63280,1
63281,1
63282,1
63283,1
63284,1
63285,1
63286,1
63287,1
63288,1
63289,1
63290,1
63291,1
63292,1
63293,1
63294,1
63295,1
63296,1
63297,1
63298,1
63299,1
63300,1
63301,1
63302,1
63303,19
63304,19
63305,19
63306,19
63307,19
63308,19
63309,19
63310,19
63311,19
63312,19
63313,19
63314,19
63315,19
63316,19
63317,19
63318,19
63319,19
63320,19
63321,19
63322,19
63323,19
63324,19
63325,19
63326,19
63327,19
63328,19
63329,19
63330,19
63331,19
63332,19
63333,19
63334,19
63335,19
63336,19
63337,19
63338,19
63339,19
63340,19
63596,19
63597,19
63598,19
63599,19
63600,19
63601,19
63602,19
63603,19
63604,19
63605,19
63606,19
63607,19
63608,19
63609,19
63610,19
63611,19
63612,19
63613,19
63614,19
63615,19
63623,19
63624,19
63633,19
63634,19
63635,19
63636,1
63645,19
63646,19
63647,19
63648,19
63649,19
63650,19
63651,19
63652,19
63653,19
63654,19
63655,19
63656,19
63657,19
63658,19
63659,19
63660,19
63661,19
63662,19
63663,19
63664,19
63665,19
63666,19
63667,19
63668,19
63669,19
63670,19
63671,19
63672,19
63673,19
63674,19
63675,19
63676,19
63683,17
63684,17
63685,17
63686,17
63687,17
63688,17
63689,17
63690,17
63691,17
63692,17
63693,17
63694,17
63695,17
63696,17
63697,17
63824,19
63849,19
63850,19
63851,19
63852,19
63853,19
63854,19
63878,19
63879,19
63880,19
63881,19
63882,19
63883,19
63884,19
63885,19
63886,19
63887,19
63888,19
63889,19
63890,19
63891,19
63892,19
63893,19
63894,19
63895,19
63896,19
63897,19
63898,19
63899,19
63900,19
63901,19
63902,19
63903,19
63904,19
63905,19
63906,19
63907,19
63908,19
63909,19
64015,2
64024,4
64025,4
64026,4
64027,4
64034,1
64373,19
64374,19
64375,19
64376,19
64901,19
64949,19
64950,19
64951,19
64952,19
64953,19
64954,19
64955,19
64956,19
64957,19
64958,19
64959,19
64960,19
64961,19
64962,19
64963,19
64964,19
65062,19
65063,19
65064,19
71735,19
71736,19
71737,19
71738,19
71739,19
71740,19
71741,19
71742,19
71743,19
71744,19
71745,19
71746,19
71747,19
71748,19
71749,19
71750,19
72083,19
72084,19
72085,19
72238,19
72239,19
72240,19
72241,19
72242,19
72259,1
72260,1
72261,1
72262,1
72263,1
72264,1
72265,1
72266,1
72369,1
72811,4
72812,4
72818,19
72819,19
72820,19
72821,19
72822,19
72823,19
72828,19
72829,19
72830,19
72831,19
72832,19
72833,19
72834,19
72835,19
72836,19
72837,19
72839,19
72840,19
72841,19
72842,19
72854,19
72855,19
72856,19
72857,19
72858,19
72859,19
72860,19
72861,19
72862,19
72863,19
72864,19
72865,19
72866,19
72867,19
72868,19
72869,4
72872,4
72879,1
72903,4
72904,4
72907,4
72913,4
72917,4
72919,4
72920,4
72922,4
72923,4
72924,4
72925,4
72926,4
73252,1
73253,1
73408,19
73409,19
73411,1
73412,1
73413,1
73414,1
73419,1
73420,1
73421,1
73422,1
73427,1
73428,1
73429,1
73430,1
73451,17
73452,17
73453,17
73454,17
73455,17
73456,17
73457,17
73787,4
73789,4
73790,4
73792,4
73793,4
73794,4
73795,4
73796,4
73838,17
73839,17
73840,17
73841,17
73869,17
73870,17
73871,17
73872,17
73972,4
73973,4
73978,4
73979,4
73995,4
73996,4
73999,4
74000,4
74121,17
74123,17
74124,17
74125,17
74126,17
74127,17
74128,17
74129,17
74130,17
74131,17
74132,17
74133,17
74141,4
74161,19
74162,19
74163,19
74199,19
74200,19
74201,19
74202,19
74203,19
74204,19
74205,19
74206,19
74207,19
74208,19
74209,19
74210,19
74211,19
74212,19
74213,19
74214,19
74215,19
74216,19
74255,1
74256,1
74257,19
74258,19
74259,19
74260,19
74261,19
74262,19
74316,4
74385,19
74386,19
74448,1
75265,17
75266,17
75267,17
75268,17
75269,17
75270,17
75271,17
75272,17
75273,17
75326,19
75327,19
75328,19
76050,19
76051,19
76052,19
76053,19
76054,19
76055,19
76056,19
76057,19
76058,19
76059,19
76060,19
76061,19
76062,19
76063,19
76064,19
76065,19
76066,19
76067,19
76068,19
76069,19
76070,19
76071,19
76072,19
76073,19
76074,19
76075,19
76076,19
76077,19
76078,19
76079,19
76080,19
76081,19
76082,19
76083,19
76084,19
76085,19
76086,19
76087,19
76088,19
76089,19
76090,19
76091,19
76092,19
76093,19
76094,19
76095,19
76096,19
76097,19
76098,19
76099,19
76100,19
76101,19
76102,19
76103,19
76104,19
76105,19
76106,19
76107,19
76108,19
76109,19
76110,19
76111,19
76112,19
76113,19
76114,19
76115,19
76116,19
76117,19
76118,19
76119,19
76120,19
76121,19
76122,19
76123,19
76124,19
76125,19
76126,19
76127,19
76128,19
76129,19
76130,19
76131,19
76132,19
76133,19
76134,19
76135,19
76136,19
76137,19
76138,19
76139,19
76140,19
76141,19
76142,19
76143,19
76144,19
76145,19
76179,1
76180,1
76181,1
76182,1
76183,1
76184,1
76185,1
76186,1
76187,1
76188,1
76189,1
76190,1
76374,19
76506,19
76507,19
76508,19
76509,19
76510,19
76511,19
76512,19
76513,19
76514,19
76515,19
76516,19
76517,19
76518,19
76519,19
76520,19
76521,19
76522,19
76523,19
76524,19
76525,19
76526,19
76527,19
76528,19
76529,19
76530,19
76531,19
76532,19
76533,19
76534,19
76535,19
76941,1
76963,19
77099,1
77100,1
77114,1
77133,4
77134,4
77135,4
77136,4
77158,4
77161,4
77281,2
77283,2
77284,2
77288,2
77414,2
77415,2
77416,2
77417,2
77707,1
77708,1
77919,19
77934,19
78287,19
78288,19
78289,19
78290,19
78291,19
78292,19
78293,19
78294,19
78295,19
78300,19
78301,19
78302,19
78303,19
78305,19
78306,19
78307,19
78311,19
78312,19
78313,19
78314,19
78315,19
78316,19
78317,19
78318,19
78319,19
78320,19
78321,19
78322,19
78323,19
78324,19
78325,19
78326,19
78327,19
78328,19
78329,19
78333,4
78357,19
78358,19
78360,4
78366,4
78367,4
78368,4
78369,4
78370,4
78393,4
78576,4
78621,15
78627,1
78628,1
78677,1
78740,4
78741,5
78891,4
78892,4
78893,4
78894,4
78895,4
78896,4
78897,4
78898,4
79175,4
79176,5
79320,4
79322,4
79326,4
79327,4
79329,4
79330,4
79331,4
79332,4
79333,4
79334,4
79348,4
79349,4
79350,4
79351,4
79352,4
79353,4
79354,4
79355,4
79356,4
79357,4
79358,4
79359,4
79360,4
79361,4
79362,4
79363,4
79364,4
79365,4
79387,4
79388,4
79389,4
79390,4
79397,4
79398,4
79598,4
79599,4
79600,4
79601,4
79701,4
79702,4
79703,4
79704,4
79705,4
79706,4
79707,4
79708,4
79709,4
79710,4
79711,4
